date,ndx,vix,irx
19891201,225.32,,7.53
19891204,226.72,,7.55
19891205,227.3,,7.56
19891206,224.15,,7.64
19891207,224.76,,7.69
19891208,224.02,,7.61
19891211,220.26,,7.64
19891212,217.8,,7.66
19891213,217.91,,7.69
19891214,216.35,,7.62
19891215,214.14,,7.62
19891218,210.85,,7.6
19891219,211.18,,7.67
19891220,213.24,,7.57
19891221,216.23,,7.56
19891222,217.63,,7.59
19891226,217.62,,7.76
19891227,221.57,,7.73
19891228,221.58,,7.68
19891229,223.84,,7.55
19900102,227.73,17.24,7.58
19900103,226.1,18.19,7.63
19900104,224.71,19.22,7.59
19900105,223.14,20.11,7.54
19900108,223.54,20.26,7.54
19900109,221.18,22.2,7.55
19900110,216.55,22.44,7.5
19900111,213.51,20.05,7.55
19900112,208.79,24.64,7.5
19900115,207.62,26.34,7.5
19900116,211.91,24.18,7.63
19900117,210.6,24.16,7.71
19900118,210.57,24.34,7.78
19900119,213.91,22.5,7.74
19900122,208.06,26.7,7.73
19900123,207.48,24.72,7.67
19900124,206.74,25.39,7.67
19900125,205.77,25.63,7.69
19900126,203.24,26.28,7.68
19900129,202.05,26.44,7.74
19900130,197.65,27.25,7.74
19900131,201.94,25.36,7.74
19900201,203.04,24.87,7.76
19900202,205.62,24.32,7.81
19900205,206.49,24.54,7.82
19900206,205.07,24.69,7.82
19900207,206.8,24.29,7.81
19900208,207.24,23.77,7.81
19900209,208.49,23.69,7.76
19900212,206.88,24.38,7.73
19900213,207.2,23.76,7.58
19900214,208.06,22.05,7.61
19900215,209.93,19.71,7.71
19900216,208.35,20.78,7.69
19900220,205.07,22.78,7.8
19900221,204.75,23.89,7.75
19900222,204.19,22.54,7.73
19900223,201.79,23.69,7.68
19900226,204.63,23.56,7.71
19900227,205.79,22.69,7.73
19900228,207.91,21.99,7.77
19900301,209.1,21.9,7.81
19900302,211.54,21.34,7.76
19900305,210.39,22.03,7.82
19900306,210.96,20.55,7.9
19900307,210.15,19.1,7.91
19900308,213.11,19.74,7.91
19900309,213.82,20.3,7.99
19900312,213.52,20.07,7.99
19900313,211.51,21.05,7.98
19900314,212.27,19.65,7.95
19900315,213.48,18.81,7.94
19900316,217.96,17.62,7.92
19900319,219.87,18.29,7.94
19900320,216.93,19.06,7.97
19900321,215.85,20.1,7.95
19900322,212.54,22.74,7.9
19900323,214.49,20.46,7.88
19900326,216.43,19.59,7.86
19900327,217.47,21.01,7.9
19900328,214.23,19.77,7.85
19900329,213.11,18.46,7.83
19900330,213.15,19.73,7.8
19900402,212.67,22.84,7.78
19900403,216.81,20.44,7.82
19900404,215.48,22.03,7.75
19900405,214.06,21.21,7.76
19900406,212.48,21.76,7.76
19900409,212.12,22.3,7.82
19900410,213.23,21.69,7.78
19900411,214.52,17.73,7.76
19900412,216.04,19.8,7.76
19900416,216.93,20.75,7.74
19900417,216.5,20.38,7.76
19900418,213.15,22.67,7.81
19900419,210.87,22.46,7.79
19900420,208.62,23.33,7.69
19900423,205.63,24.16,7.73
19900424,204.76,21.7,7.76
19900425,205.58,20.86,7.79
19900426,205.79,20.25,7.82
19900427,203.67,22.19,7.79
19900430,205.82,19.52,7.79
19900501,207.04,18.43,7.92
19900502,208.5,19.32,7.9
19900503,210.09,17.81,7.88
19900504,212.71,17.28,7.76
19900507,215.03,17.65,7.82
19900508,215.17,18.49,7.79
19900509,215.43,18.64,7.75
19900510,216.81,18.59,7.71
19900511,220.89,19.81,7.62
19900514,223.86,20.14,7.63
19900515,224.49,19.49,7.65
19900516,225.13,17.71,7.67
19900517,226.64,17.27,7.67
19900518,228.51,17.2,7.75
19900521,232.21,16.72,7.75
19900522,232.85,17.84,7.73
19900523,236.06,17.18,7.65
19900524,237.04,17.7,7.69
19900525,232.2,17.32,7.75
19900529,235.84,18.75,7.75
19900530,236.35,17.44,7.76
19900531,236.15,17.37,7.75
19900601,237.88,17.09,7.68
19900604,240.11,18.39,7.7
19900605,237.85,18.97,7.7
19900606,238.05,17.42,7.7
19900607,237.38,16.88,7.7
19900608,234.73,17.58,7.7
19900611,236.95,16.34,7.73
19900612,240.11,16.6,7.73
19900613,242.05,17.38,7.67
19900614,240.51,17.4,7.66
19900615,240.79,15.9,7.69
19900618,236.71,17.71,7.67
19900619,236.77,15.23,7.74
19900620,237.32,15.27,7.76
19900621,238.15,14.72,7.77
19900622,235.74,19.36,7.78
19900625,232.91,17.06,7.79
19900626,232.94,16.29,7.8
19900627,234.95,16.0,7.78
19900628,237.41,16.18,7.74
19900629,238.46,15.5,7.74
19900702,238.42,16.26,7.74
19900703,238.18,16.11,7.7
19900705,237.3,17.25,7.66
19900706,238.46,16.41,7.75
19900709,239.6,16.66,7.8
19900710,238.66,16.92,7.8
19900711,240.77,16.68,7.78
19900712,243.43,17.06,7.68
19900713,244.74,17.09,7.6
19900716,246.18,16.75,7.61
19900717,241.52,16.66,7.61
19900718,238.22,18.9,7.55
19900719,236.4,18.56,7.54
19900720,232.44,15.63,7.54
19900723,227.38,23.68,7.48
19900724,226.49,21.79,7.53
19900725,228.76,20.19,7.56
19900726,227.2,20.26,7.58
19900727,225.63,21.12,7.52
19900730,223.92,21.16,7.5
19900731,223.38,21.11,7.49
19900801,223.12,21.64,7.42
19900802,218.97,20.43,7.43
19900803,212.6,28.74,7.29
19900806,201.46,35.91,7.3
19900807,202.65,32.75,7.37
19900808,205.58,28.27,7.38
19900809,209.13,24.39,7.41
19900810,206.23,25.75,7.4
19900813,207.42,25.74,7.42
19900814,208.29,24.18,7.43
19900815,208.46,23.31,7.45
19900816,202.19,27.16,7.48
19900817,196.85,27.53,7.47
19900820,193.1,26.46,7.52
19900821,188.26,28.9,7.57
19900822,185.01,30.55,7.59
19900823,178.29,36.47,7.54
19900824,184.96,33.93,7.49
19900827,193.98,29.63,7.53
19900828,194.9,29.12,7.48
19900829,192.9,27.38,7.47
19900830,190.73,29.89,7.45
19900831,193.62,29.9,7.39
19900904,194.74,29.58,7.39
19900905,193.82,28.52,7.37
19900906,190.67,30.19,7.38
19900907,191.8,28.73,7.39
19900910,192.65,29.34,7.43
19900911,190.96,28.38,7.42
19900912,192.35,28.12,7.37
19900913,189.72,29.33,7.35
19900914,189.52,30.56,7.35
19900917,189.6,29.55,7.37
19900918,189.43,28.82,7.37
19900919,188.77,27.88,7.39
19900920,183.98,28.66,7.39
19900921,183.2,30.04,7.36
19900924,177.6,30.56,7.38
19900925,180.71,28.81,7.35
19900926,179.46,28.19,7.33
19900927,174.19,28.67,7.23
19900928,177.05,29.11,7.14
19901001,184.74,28.06,7.13
19901002,184.92,27.28,7.18
19901003,180.51,27.9,7.15
19901004,179.49,27.51,7.13
19901005,178.37,27.85,7.04
19901008,179.57,28.04,7.04
19901009,173.63,30.71,7.17
19901010,169.46,31.19,7.2
19901011,165.2,33.98,7.12
19901012,166.71,31.94,7.14
19901015,169.35,31.64,7.16
19901016,165.49,31.45,7.16
19901017,167.27,31.37,7.2
19901018,172.38,29.6,7.25
19901019,174.62,27.86,7.25
19901022,178.57,27.27,7.23
19901023,178.4,27.57,7.21
19901024,178.47,28.28,7.22
19901025,177.34,29.04,7.18
19901026,174.21,30.75,7.13
19901029,171.76,31.54,7.15
19901030,172.99,30.52,7.14
19901031,172.55,30.04,7.11
19901101,172.88,30.25,7.05
19901102,176.87,30.03,7.08
19901105,180.46,29.85,7.08
19901106,180.26,29.11,7.08
19901107,177.08,30.87,7.09
19901108,177.71,30.79,7.09
19901109,182.24,26.96,7.05
19901112,188.67,25.6,7.05
19901113,189.88,24.58,7.04
19901114,192.45,22.89,7.07
19901115,189.55,22.57,7.09
19901116,184.96,21.34,7.08
19901119,187.04,20.95,7.1
19901120,183.32,20.09,7.09
19901121,183.93,21.09,7.04
19901123,184.28,20.98,7.03
19901126,185.12,22.76,7.03
19901127,189.18,22.86,7.04
19901128,189.7,22.96,7.06
19901129,191.11,23.91,7.03
19901130,192.58,22.16,7.02
19901203,194.52,22.29,7.05
19901204,195.6,22.03,7.01
19901205,199.02,20.94,7.0
19901206,199.49,22.62,7.0
19901207,199.35,22.59,6.89
19901210,199.44,23.58,6.86
19901211,196.55,23.75,6.84
19901212,198.02,21.28,6.79
19901213,198.03,23.05,6.83
19901214,196.13,23.85,6.85
19901217,195.05,24.85,6.81
19901218,199.24,23.11,6.73
19901219,200.41,23.08,6.62
19901220,201.51,23.13,6.55
19901221,202.76,22.66,6.59
19901224,201.22,24.03,6.53
19901226,200.57,24.18,6.48
19901227,199.16,24.81,6.47
19901228,199.42,25.05,6.45
19901231,200.53,26.38,6.44
19910102,199.76,26.62,6.46
19910103,196.4,27.93,6.44
19910104,196.82,27.19,6.53
19910107,192.35,28.95,6.51
19910108,192.09,30.38,6.44
19910109,191.68,33.3,6.25
19910110,196.08,31.33,6.21
19910111,196.2,32.63,6.16
19910114,193.77,36.2,6.05
19910115,195.34,36.16,6.05
19910116,202.96,33.2,6.04
19910117,209.26,27.45,6.12
19910118,211.49,25.39,6.07
19910121,214.37,24.33,6.07
19910122,211.98,24.9,6.05
19910123,215.83,23.92,6.14
19910124,219.79,22.86,6.13
19910125,221.01,22.2,6.17
19910128,222.24,23.05,6.25
19910129,224.47,23.17,6.22
19910130,229.27,21.37,6.2
19910131,232.43,20.91,6.19
19910201,234.45,21.04,6.0
19910204,236.87,21.86,5.98
19910205,241.57,21.46,5.97
19910206,247.05,22.68,5.91
19910207,243.43,23.6,5.94
19910208,244.48,23.38,5.92
19910211,249.3,22.56,5.88
19910212,248.2,22.26,5.85
19910213,250.34,20.86,5.86
19910214,245.59,21.48,5.85
19910215,248.34,19.57,5.91
19910219,250.82,19.84,5.96
19910220,247.76,22.26,5.94
19910221,246.85,20.78,5.92
19910222,248.63,21.01,5.95
19910225,250.04,22.86,5.99
19910226,247.8,20.38,6.04
19910227,249.71,21.26,6.03
19910228,250.12,21.23,6.04
19910301,252.39,21.23,6.09
19910304,253.38,20.86,6.06
19910305,262.18,20.45,6.05
19910306,263.15,20.55,6.08
19910307,264.57,21.05,6.07
19910308,262.86,20.81,5.97
19910311,255.18,20.88,5.89
19910312,250.67,18.82,5.86
19910313,257.07,16.09,5.83
19910314,255.79,14.94,5.76
19910315,254.63,14.9,5.8
19910318,255.63,15.79,5.84
19910319,253.85,16.11,5.89
19910320,256.09,16.04,5.88
19910321,252.97,16.86,5.87
19910322,252.27,16.49,5.87
19910325,255.77,16.76,5.88
19910326,264.67,16.31,5.86
19910327,266.55,16.55,5.81
19910328,264.9,16.88,5.74
19910401,264.6,17.42,5.76
19910402,273.85,17.4,5.77
19910403,275.15,17.61,5.77
19910404,277.29,18.01,5.74
19910405,275.44,17.63,5.71
19910408,275.65,17.41,5.65
19910409,272.93,20.12,5.61
19910410,271.07,19.73,5.61
19910411,278.45,17.24,5.57
19910412,279.2,18.45,5.51
19910415,278.29,16.5,5.59
19910416,282.03,15.82,5.61
19910417,283.39,15.47,5.56
19910418,277.78,16.26,5.66
19910419,274.01,15.68,5.75
19910422,271.33,16.78,5.69
19910423,272.14,17.02,5.71
19910424,274.54,16.72,5.66
19910425,271.96,17.15,5.61
19910426,271.3,17.27,5.62
19910429,266.14,18.27,5.59
19910430,263.65,18.24,5.51
19910501,264.22,17.77,5.54
19910502,266.52,17.52,5.46
19910503,267.11,17.24,5.47
19910506,267.33,17.92,5.46
19910507,266.24,17.46,5.5
19910508,267.17,17.78,5.5
19910509,271.24,17.17,5.48
19910510,268.71,17.54,5.48
19910513,268.99,17.66,5.47
19910514,266.09,18.0,5.49
19910515,258.11,18.38,5.45
19910516,260.7,17.24,5.4
19910517,260.46,16.64,5.4
19910520,258.62,17.1,5.45
19910521,261.26,16.07,5.5
19910522,265.69,16.16,5.46
19910523,267.17,16.11,5.4
19910524,269.51,15.23,5.4
19910528,273.38,15.67,5.4
19910529,274.36,15.9,5.45
19910530,277.24,16.02,5.45
19910531,279.0,15.93,5.53
19910603,280.93,16.87,5.6
19910604,281.13,16.17,5.57
19910605,277.36,16.4,5.59
19910606,274.21,16.93,5.56
19910607,270.57,16.98,5.56
19910610,268.38,17.47,5.58
19910611,269.26,17.32,5.57
19910612,265.29,17.72,5.56
19910613,264.79,16.99,5.58
19910614,267.8,15.98,5.59
19910617,267.57,15.5,5.59
19910618,265.48,16.14,5.62
19910619,260.27,17.44,5.57
19910620,260.56,16.75,5.56
19910621,260.28,16.51,5.57
19910624,250.88,18.28,5.56
19910625,250.99,17.85,5.58
19910626,252.45,17.98,5.56
19910627,255.26,17.87,5.55
19910628,254.2,19.55,5.54
19910701,259.12,18.64,5.58
19910702,256.09,17.63,5.58
19910703,252.43,19.47,5.56
19910705,251.98,18.35,5.58
19910708,258.93,20.29,5.57
19910709,260.68,19.76,5.59
19910710,263.33,19.19,5.58
19910711,263.84,17.39,5.56
19910712,267.44,18.29,5.55
19910715,268.9,17.78,5.57
19910716,264.48,17.49,5.59
19910717,263.38,17.52,5.61
19910718,266.23,15.77,5.59
19910719,266.92,15.5,5.58
19910722,264.34,16.9,5.57
19910723,259.32,16.58,5.59
19910724,257.86,16.41,5.58
19910725,261.2,15.74,5.58
19910726,264.22,15.45,5.58
19910729,264.63,15.67,5.57
19910730,269.32,15.47,5.56
19910731,272.15,15.18,5.53
19910801,274.24,15.47,5.55
19910802,275.47,15.26,5.46
19910805,272.16,15.92,5.5
19910806,274.74,15.54,5.41
19910807,276.54,15.56,5.38
19910808,278.76,15.98,5.37
19910809,278.15,15.45,5.32
19910812,280.25,15.26,5.31
19910813,282.47,14.73,5.29
19910814,284.73,15.09,5.29
19910815,281.81,15.19,5.3
19910816,279.51,16.01,5.26
19910819,271.96,21.19,5.11
19910820,274.2,18.86,5.11
19910821,286.07,15.62,5.28
19910822,284.55,14.59,5.31
19910823,286.77,14.41,5.39
19910826,286.7,14.81,5.41
19910827,286.77,15.46,5.38
19910828,289.88,15.31,5.3
19910829,288.59,14.82,5.27
19910830,287.4,14.46,5.33
19910903,284.33,16.57,5.34
19910904,281.82,17.18,5.33
19910905,280.73,17.31,5.32
19910906,279.96,16.76,5.29
19910909,281.34,17.73,5.28
19910910,276.39,18.22,5.24
19910911,279.65,17.96,5.26
19910912,285.55,16.21,5.22
19910913,279.49,17.88,5.16
19910916,278.58,17.82,5.18
19910917,278.09,17.68,5.19
19910918,281.04,17.56,5.18
19910919,283.51,17.56,5.2
19910920,286.64,17.08,5.19
19910923,284.86,16.38,5.21
19910924,287.35,16.04,5.17
19910925,288.99,15.68,5.17
19910926,287.92,15.35,5.13
19910927,285.94,16.31,5.13
19910930,287.54,15.85,5.11
19911001,288.37,14.81,5.1
19911002,285.06,15.81,5.09
19911003,280.41,17.04,5.04
19911004,280.52,15.63,5.02
19911007,278.89,18.58,5.02
19911008,280.02,17.81,5.02
19911009,276.51,18.54,5.01
19911010,279.11,17.8,5.03
19911011,281.5,17.6,4.99
19911014,287.17,16.71,4.99
19911015,293.31,16.22,4.96
19911016,297.65,14.85,4.97
19911017,292.46,16.32,5.03
19911018,293.11,15.87,5.03
19911021,290.86,16.66,5.04
19911022,290.79,16.55,5.06
19911023,289.35,16.26,5.04
19911024,285.65,15.62,4.97
19911025,282.94,15.75,4.96
19911028,286.38,15.45,4.94
19911029,290.08,15.55,4.89
19911030,294.72,15.46,4.84
19911031,292.51,15.48,4.82
19911101,290.01,15.6,4.75
19911104,286.93,16.35,4.74
19911105,289.05,16.48,4.76
19911106,289.43,16.47,4.63
19911107,292.88,15.97,4.63
19911108,295.55,15.43,4.62
19911111,297.85,14.89,4.62
19911112,301.96,14.04,4.62
19911113,302.83,13.95,4.63
19911114,301.05,13.96,4.63
19911115,284.52,21.18,4.59
19911118,288.59,18.28,4.58
19911119,284.39,20.34,4.53
19911120,285.2,20.4,4.49
19911121,288.61,19.11,4.43
19911122,286.32,21.2,4.42
19911125,283.02,21.92,4.43
19911126,284.13,19.8,4.4
19911127,285.23,19.84,4.39
19911129,284.79,20.26,4.35
19911202,293.93,20.18,4.38
19911203,293.95,19.7,4.36
19911204,295.11,19.54,4.31
19911205,294.33,20.19,4.31
19911206,296.14,19.04,4.24
19911209,295.77,19.74,4.15
19911210,296.33,19.89,4.2
19911211,294.84,20.57,4.15
19911212,297.98,19.08,4.15
19911213,301.33,17.88,4.15
19911216,303.02,17.62,4.14
19911217,298.89,18.12,4.11
19911218,299.61,17.78,4.12
19911219,294.53,17.96,4.04
19911220,295.82,17.65,3.74
19911223,303.3,16.61,3.76
19911224,307.08,15.67,3.81
19911226,313.68,15.44,3.82
19911227,316.77,15.7,3.86
19911230,326.73,17.63,3.87
19911231,330.86,19.31,3.88
19920102,333.36,18.95,3.86
19920103,334.83,18.75,3.85
19920106,336.89,18.96,3.81
19920107,339.64,19.23,3.75
19920108,344.29,18.72,3.72
19920109,350.32,18.96,3.77
19920110,347.11,18.45,3.82
19920113,348.27,18.01,3.81
19920114,352.59,17.01,3.82
19920115,355.6,17.39,3.84
19920116,351.92,17.64,3.79
19920117,349.73,16.32,3.79
19920120,341.81,16.42,3.79
19920121,328.04,17.92,3.73
19920122,346.32,16.75,3.75
19920123,346.08,16.46,3.77
19920124,345.45,16.24,3.81
19920127,340.48,16.67,3.85
19920128,340.85,17.67,3.83
19920129,337.29,17.62,3.86
19920130,338.39,17.49,3.83
19920131,338.32,17.4,3.84
19920203,341.38,18.2,3.84
19920204,346.92,17.96,3.84
19920205,350.86,18.22,3.84
19920206,349.07,18.79,3.81
19920207,346.8,18.51,3.74
19920210,345.23,18.56,3.73
19920211,344.4,17.7,3.75
19920212,355.98,17.37,3.75
19920213,349.81,17.45,3.79
19920214,346.7,17.03,3.79
19920218,338.55,18.22,3.81
19920219,338.06,17.16,3.85
19920220,345.33,16.72,3.88
19920221,342.39,16.87,3.93
19920224,338.96,17.13,3.93
19920225,338.33,16.35,3.96
19920226,347.81,16.64,3.94
19920227,347.39,16.51,3.93
19920228,345.88,16.68,3.93
19920302,346.64,16.88,4.03
19920303,345.7,17.26,4.04
19920304,341.61,17.89,4.03
19920305,337.52,18.47,4.04
19920306,333.0,19.75,4.04
19920309,333.32,19.68,4.01
19920310,340.32,18.68,4.01
19920311,335.05,19.79,4.01
19920312,334.83,19.72,4.02
19920313,336.47,18.35,4.06
19920316,338.27,18.46,4.06
19920317,342.92,16.79,4.06
19920318,342.63,16.69,4.05
19920319,342.55,16.52,4.05
19920320,340.86,16.82,4.06
19920323,339.04,16.73,4.08
19920324,336.93,16.32,4.05
19920325,337.65,16.19,4.01
19920326,333.3,16.29,4.01
19920327,324.22,16.02,4.01
19920330,322.35,15.97,4.01
19920331,323.05,16.18,4.05
19920401,323.92,16.48,4.01
19920402,317.67,17.06,4.02
19920403,316.39,16.72,3.96
19920406,324.55,16.72,3.96
19920407,312.95,18.81,3.87
19920408,310.85,20.15,3.87
19920409,319.54,17.89,3.66
19920410,312.98,16.85,3.65
19920413,317.15,16.99,3.62
19920414,320.55,15.98,3.62
19920415,326.07,15.15,3.62
19920416,319.23,14.85,3.65
19920420,307.88,15.93,3.69
19920421,305.63,16.53,3.68
19920422,309.54,15.96,3.68
19920423,307.52,15.83,3.67
19920424,303.82,15.71,3.67
19920427,299.65,16.49,3.71
19920428,294.63,16.24,3.71
19920429,302.98,15.95,3.71
19920430,307.86,15.53,3.7
19920501,307.48,16.61,3.63
19920504,310.71,16.92,3.64
19920505,314.77,16.66,3.64
19920506,315.11,16.81,3.62
19920507,312.73,16.54,3.62
19920508,311.27,15.65,3.63
19920511,311.9,15.17,3.64
19920512,310.04,15.68,3.62
19920513,308.75,15.19,3.59
19920514,304.55,15.49,3.57
19920515,303.02,14.82,3.58
19920518,304.58,14.62,3.6
19920519,306.41,13.57,3.54
19920520,309.55,13.62,3.57
19920521,307.94,13.92,3.67
19920522,308.38,13.73,3.68
19920526,305.89,14.92,3.74
19920527,308.08,13.99,3.7
19920528,311.98,13.77,3.68
19920529,315.3,13.86,3.7
19920601,318.98,14.43,3.75
19920602,317.23,14.57,3.74
19920603,317.34,14.35,3.71
19920604,315.93,13.66,3.69
19920605,313.24,14.65,3.68
19920608,310.23,15.19,3.68
19920609,304.86,15.97,3.68
19920610,302.6,16.62,3.68
19920611,302.58,16.29,3.66
19920612,304.11,14.95,3.66
19920615,303.86,14.76,3.65
19920616,299.2,15.22,3.64
19920617,293.4,18.08,3.62
19920618,291.93,18.2,3.61
19920619,296.86,16.31,3.65
19920622,295.24,16.66,3.64
19920623,297.45,14.53,3.68
19920624,295.29,14.4,3.64
19920625,291.26,14.4,3.62
19920626,290.03,14.67,3.62
19920629,300.8,13.21,3.57
19920630,301.23,13.35,3.57
19920701,306.03,13.34,3.55
19920702,300.88,13.88,3.24
19920706,302.4,14.87,3.22
19920707,296.27,15.83,3.21
19920708,297.56,15.53,3.22
19920709,302.19,14.6,3.21
19920710,302.83,13.7,3.22
19920713,304.98,14.01,3.21
19920714,309.24,13.5,3.21
19920715,309.39,12.52,3.18
19920716,311.28,12.27,3.17
19920717,305.54,12.6,3.16
19920720,300.45,12.66,3.18
19920721,305.1,12.6,3.19
19920722,301.17,13.57,3.17
19920723,302.49,13.33,3.16
19920724,303.42,13.37,3.16
19920727,301.84,13.9,3.19
19920728,306.76,13.05,3.19
19920729,310.11,13.44,3.18
19920730,310.93,13.5,3.18
19920731,310.89,13.17,3.18
19920803,312.75,13.83,3.17
19920804,311.08,13.58,3.17
19920805,306.58,13.82,3.17
19920806,304.56,14.23,3.16
19920807,303.32,13.94,3.14
19920810,304.23,14.51,3.13
19920811,302.51,15.09,3.13
19920812,300.95,14.88,3.12
19920813,301.27,15.34,3.09
19920814,302.23,14.66,3.06
19920817,300.39,14.61,3.07
19920818,300.44,13.84,3.07
19920819,298.32,14.35,3.08
19920820,299.42,14.48,3.08
19920821,295.69,15.01,3.07
19920824,290.71,16.19,3.15
19920825,292.08,15.62,3.17
19920826,296.2,14.5,3.16
19920827,299.46,13.66,3.16
19920828,299.14,13.14,3.16
19920831,299.26,13.58,3.16
19920901,301.97,13.4,3.15
19920902,306.57,12.73,3.14
19920903,308.17,12.88,3.14
19920904,306.39,12.98,2.92
19920908,305.77,13.65,2.9
19920909,309.99,13.36,2.91
19920910,314.82,12.92,2.91
19920911,315.19,12.47,2.92
19920914,324.63,13.0,2.89
19920915,319.89,13.63,2.92
19920916,318.45,14.72,2.9
19920917,319.23,14.31,2.88
19920918,319.91,13.74,2.88
19920921,319.26,13.45,2.91
19920922,314.27,13.88,2.92
19920923,315.82,13.83,2.92
19920924,317.54,13.44,2.89
19920925,310.23,14.8,2.8
19920928,307.87,15.19,2.78
19920929,310.65,14.97,2.73
19920930,313.18,14.28,2.69
19921001,309.04,16.31,2.61
19921002,304.39,17.79,2.63
19921005,303.68,20.01,2.64
19921006,307.96,19.95,2.73
19921007,305.38,21.02,2.83
19921008,308.35,19.26,2.79
19921009,305.63,20.51,2.83
19921012,308.11,19.49,2.83
19921013,310.13,17.9,2.86
19921014,309.58,18.42,2.93
19921015,312.14,17.11,2.92
19921016,316.39,17.01,2.9
19921019,322.79,17.31,2.97
19921020,323.38,16.87,3.02
19921021,326.07,16.62,2.93
19921022,326.1,15.84,2.91
19921023,325.44,16.46,2.93
19921026,327.17,16.32,2.92
19921027,323.92,16.24,2.94
19921028,326.67,15.95,2.94
19921029,331.09,15.47,2.95
19921030,329.15,16.15,2.96
19921102,330.33,16.67,3.01
19921103,325.96,17.33,3.03
19921104,327.76,16.28,3.02
19921105,336.49,15.38,3.01
19921106,338.14,14.69,3.06
19921109,340.58,14.23,3.08
19921110,344.39,14.37,3.08
19921111,347.86,13.99,3.08
19921112,346.8,14.37,3.06
19921113,348.49,14.61,3.08
19921116,344.63,14.86,3.12
19921117,338.23,15.01,3.17
19921118,344.31,14.55,3.15
19921119,346.76,14.33,3.15
19921120,348.8,13.67,3.2
19921123,343.44,13.4,3.24
19921124,349.98,12.66,3.22
19921125,349.66,12.5,3.24
19921127,349.32,12.58,3.25
19921130,350.96,13.01,3.27
19921201,352.67,12.8,3.33
19921202,351.57,12.56,3.34
19921203,354.79,12.03,3.3
19921204,358.4,11.81,3.25
19921207,361.83,12.0,3.25
19921208,360.58,11.73,3.26
19921209,357.82,12.58,3.23
19921210,354.55,12.75,3.22
19921211,350.89,12.34,3.25
19921214,349.4,12.66,3.26
19921215,346.95,12.41,3.22
19921216,348.95,12.58,3.21
19921217,356.85,12.14,3.2
19921218,357.89,11.66,3.16
19921221,359.33,11.65,3.17
19921222,355.64,11.75,3.2
19921223,356.49,11.51,3.18
19921224,357.56,11.57,3.16
19921228,359.07,12.22,3.18
19921229,359.81,12.29,3.2
19921230,359.93,12.6,3.12
19921231,360.18,12.57,3.08
19930104,356.37,13.36,3.08
19930105,360.23,13.35,3.11
19930106,366.97,13.37,3.1
19930107,364.02,14.72,3.12
19930108,365.54,13.77,3.06
19930111,370.8,12.86,3.05
19930112,367.9,12.78,3.02
19930113,375.85,12.42,3.0
19930114,381.34,11.99,2.98
19930115,379.23,11.57,2.94
19930118,378.76,11.49,2.94
19930119,376.02,12.06,2.99
19930120,375.73,12.15,3.01
19930121,379.34,11.69,2.99
19930122,377.82,11.3,2.97
19930125,381.05,11.38,2.95
19930126,379.38,11.45,2.95
19930127,372.61,12.01,2.91
19930128,370.67,12.04,2.9
19930129,370.56,12.42,2.9
19930201,375.48,12.33,2.9
19930202,377.44,12.25,2.96
19930203,376.54,12.12,2.93
19930204,374.24,12.29,2.9
19930205,369.0,12.9,2.9
19930208,365.73,13.22,2.92
19930209,362.95,13.48,2.93
19930210,367.3,13.43,2.94
19930211,366.33,12.69,2.92
19930212,361.19,12.38,2.93
19930216,346.89,15.76,2.93
19930217,345.91,15.9,2.91
19930218,348.28,15.56,2.89
19930219,347.92,15.02,2.93
19930222,340.35,14.7,2.95
19930223,341.24,15.04,2.94
19930224,350.13,14.72,2.96
19930225,351.67,13.76,2.95
19930226,351.14,13.16,2.95
19930301,349.1,13.6,2.95
19930302,356.21,12.49,2.97
19930303,359.96,13.13,2.94
19930304,355.53,13.44,2.91
19930305,355.57,14.08,3.0
19930308,359.44,16.22,3.0
19930309,359.4,14.17,2.99
19930310,361.26,13.91,2.98
19930311,361.73,14.26,2.96
19930312,362.65,15.66,2.97
19930315,364.32,14.74,2.99
19930316,363.61,14.51,2.98
19930317,355.65,14.53,2.98
19930318,355.5,14.17,2.95
19930319,351.55,13.23,2.96
19930322,349.42,13.66,2.94
19930323,348.14,13.02,2.92
19930324,348.51,12.44,2.92
19930325,354.38,12.08,2.91
19930326,352.64,12.21,2.93
19930329,351.4,12.63,2.94
19930330,357.72,12.23,2.91
19930331,359.42,12.53,2.89
19930401,354.33,13.02,2.9
19930402,341.18,14.5,2.91
19930405,344.7,14.12,2.9
19930406,340.55,14.24,2.91
19930407,345.18,13.64,2.92
19930408,341.56,12.83,2.9
19930412,349.01,11.93,2.89
19930413,345.87,11.7,2.85
19930414,346.49,11.76,2.82
19930415,343.89,10.96,2.84
19930416,340.65,11.29,2.84
19930419,337.45,12.06,2.81
19930420,339.06,11.94,2.79
19930421,340.2,12.11,2.8
19930422,338.48,12.68,2.82
19930423,333.66,13.36,2.84
19930426,327.28,15.25,2.89
19930427,334.6,13.93,2.91
19930428,339.66,13.12,2.92
19930429,338.98,12.8,2.9
19930430,339.95,12.42,2.91
19930503,344.97,12.9,2.87
19930504,353.28,12.14,2.87
19930505,355.35,12.38,2.89
19930506,351.71,13.22,2.86
19930507,353.23,13.01,2.87
19930510,354.85,13.72,2.87
19930511,353.01,13.35,2.89
19930512,350.96,13.56,2.9
19930513,347.71,14.76,2.93
19930514,349.8,14.39,2.96
19930517,352.67,14.13,3.0
19930518,356.0,14.19,3.01
19930519,364.67,14.29,2.97
19930520,370.45,13.98,2.96
19930521,366.67,14.51,3.0
19930524,367.09,14.1,3.04
19930525,366.22,14.04,3.07
19930526,374.35,12.88,3.05
19930527,372.73,13.1,3.06
19930528,368.11,13.47,3.06
19930601,372.53,13.67,3.04
19930602,372.68,13.48,3.07
19930603,372.06,13.54,3.03
19930604,368.63,12.86,3.11
19930607,364.36,14.07,3.1
19930608,360.74,14.74,3.13
19930609,360.25,13.96,3.11
19930610,359.55,13.31,3.11
19930611,363.08,12.71,3.05
19930614,367.14,12.33,3.05
19930615,366.98,11.99,3.05
19930616,365.02,11.87,3.04
19930617,364.01,11.66,3.03
19930618,357.96,12.24,3.06
19930621,357.86,12.25,3.06
19930622,356.2,11.65,3.09
19930623,354.93,12.04,3.12
19930624,357.83,12.25,3.1
19930625,362.23,11.25,3.08
19930628,368.45,11.11,3.07
19930629,365.96,11.29,3.03
19930630,366.13,11.26,3.03
19930701,363.73,11.51,2.99
19930702,364.21,11.33,2.95
19930706,360.8,13.87,3.01
19930707,357.86,13.05,3.04
19930708,360.7,12.24,3.02
19930709,362.46,10.8,3.02
19930712,362.87,10.85,3.01
19930713,361.98,11.02,3.04
19930714,363.74,10.78,3.01
19930715,360.46,10.6,3.01
19930716,351.07,10.96,3.01
19930719,349.06,11.46,3.03
19930720,355.76,11.05,3.06
19930721,352.64,11.97,3.07
19930722,348.35,11.69,3.09
19930723,353.2,11.32,3.09
19930726,356.4,11.32,3.08
19930727,352.02,11.34,3.1
19930728,356.81,11.37,3.08
19930729,357.33,11.25,3.02
19930730,352.86,11.73,3.03
19930802,355.25,11.47,3.07
19930803,356.23,11.49,3.08
19930804,360.11,11.71,3.08
19930805,362.41,12.03,3.05
19930806,363.14,12.33,3.04
19930809,362.3,12.39,3.02
19930810,358.64,12.31,3.03
19930811,359.73,12.07,3.02
19930812,359.4,12.38,3.01
19930813,360.45,12.19,3.02
19930816,370.6,12.01,3.02
19930817,374.16,11.59,3.01
19930818,375.82,11.52,2.99
19930819,370.27,11.63,2.98
19930820,370.87,11.62,2.99
19930823,370.49,12.15,2.99
19930824,371.0,11.8,2.99
19930825,367.95,12.1,2.98
19930826,364.67,12.14,3.0
19930827,366.5,11.91,3.02
19930830,369.3,11.74,3.02
19930831,372.65,11.85,3.01
19930901,374.16,11.48,3.01
19930902,374.57,11.87,2.99
19930903,373.7,11.16,2.94
19930907,366.68,12.9,2.93
19930908,364.85,13.24,2.96
19930909,368.3,12.67,2.98
19930910,370.64,11.7,2.96
19930913,367.59,12.16,2.97
19930914,364.2,13.15,2.99
19930915,367.32,12.7,2.96
19930916,365.74,13.36,2.95
19930917,366.18,13.39,2.95
19930920,367.45,14.6,2.95
19930921,365.64,17.3,2.92
19930922,374.0,13.75,2.92
19930923,377.07,13.36,2.93
19930924,378.04,12.47,2.93
19930927,382.51,12.49,2.91
19930928,386.02,12.19,2.9
19930929,386.89,12.63,2.93
19930930,382.71,12.99,2.92
19931001,382.81,11.83,2.92
19931004,384.3,12.85,2.93
19931005,381.27,12.97,3.0
19931006,380.42,12.68,2.98
19931007,377.99,13.14,2.98
19931008,381.32,12.04,2.98
19931011,380.65,12.26,2.98
19931012,382.57,12.41,3.01
19931013,386.3,11.38,3.03
19931014,391.98,11.0,3.01
19931015,392.45,10.87,3.01
19931018,389.85,11.33,3.02
19931019,382.73,11.61,3.06
19931020,383.93,11.32,3.04
19931021,387.36,11.2,3.05
19931022,388.19,11.48,3.04
19931025,387.4,11.83,3.04
19931026,384.6,11.83,3.08
19931027,390.25,12.01,3.08
19931028,389.24,11.88,3.04
19931029,390.98,11.46,3.03
19931101,395.03,11.78,3.06
19931102,395.32,11.74,3.12
19931103,387.93,13.26,3.08
19931104,377.46,14.68,3.07
19931105,383.64,14.97,3.07
19931108,384.85,14.31,3.06
19931109,385.92,13.94,3.11
19931110,392.98,13.72,3.11
19931111,394.66,13.88,3.11
19931112,395.17,13.33,3.11
19931115,391.12,14.46,3.11
19931116,393.38,15.11,3.09
19931117,385.8,15.57,3.09
19931118,381.74,14.65,3.1
19931119,380.57,15.03,3.11
19931122,373.37,15.9,3.12
19931123,381.22,14.27,3.11
19931124,385.04,13.51,3.11
19931126,386.32,13.77,3.1
19931129,383.18,14.12,3.11
19931130,386.76,13.76,3.14
19931201,392.95,13.83,3.11
19931202,396.17,13.51,3.11
19931203,401.77,12.69,3.11
19931206,399.01,12.84,3.09
19931207,396.98,12.41,3.08
19931208,394.81,12.46,3.08
19931209,387.25,12.43,3.05
19931210,386.96,12.6,3.05
19931213,387.78,10.98,3.04
19931214,382.83,11.13,3.04
19931215,384.95,11.03,3.03
19931216,386.18,10.9,3.02
19931217,389.04,11.08,3.03
19931220,389.72,10.75,3.05
19931221,388.51,10.08,3.07
19931222,388.4,9.31,3.05
19931223,390.32,9.48,3.05
19931227,391.84,9.7,3.06
19931228,394.74,9.82,3.06
19931229,395.38,10.46,3.0
19931230,397.73,10.69,2.98
19931231,398.28,11.66,3.0
19940103,395.53,12.57,3.03
19940104,398.19,11.91,3.08
19940105,401.07,10.94,3.07
19940106,404.21,11.27,3.05
19940107,404.78,10.96,3.01
19940110,408.91,10.74,2.99
19940111,407.85,11.29,2.97
19940112,408.47,11.65,2.95
19940113,408.0,12.08,2.95
19940114,411.75,11.15,2.97
19940117,410.79,11.88,2.97
19940118,410.95,11.63,2.96
19940119,406.38,11.76,2.97
19940120,411.53,11.16,2.94
19940121,411.59,11.09,2.95
19940124,409.23,11.6,2.94
19940125,406.48,11.38,2.93
19940126,407.19,11.17,2.92
19940127,409.93,10.3,2.92
19940128,412.52,9.94,2.94
19940131,413.99,10.63,2.97
19940201,410.22,10.65,3.03
19940202,411.78,10.61,3.06
19940203,410.05,10.75,3.14
19940204,397.48,15.25,3.23
19940207,399.62,13.96,3.22
19940208,401.46,13.66,3.25
19940209,403.91,13.3,3.25
19940210,401.31,14.24,3.26
19940211,401.83,14.46,3.25
19940214,405.11,14.28,3.25
19940215,408.28,13.4,3.27
19940216,408.74,13.13,3.27
19940217,407.39,13.79,3.27
19940218,407.94,14.7,3.28
19940222,410.48,13.52,3.29
19940223,408.91,13.91,3.37
19940224,402.79,15.96,3.36
19940225,406.45,14.8,3.37
19940228,412.17,14.87,3.36
19940301,409.69,15.83,3.49
19940302,408.18,16.08,3.47
19940303,408.17,16.36,3.48
19940304,411.99,16.0,3.53
19940307,415.3,14.26,3.52
19940308,411.97,16.23,3.54
19940309,413.08,14.41,3.53
19940310,409.77,16.55,3.49
19940311,409.43,14.87,3.49
19940314,412.93,16.61,3.52
19940315,412.83,14.78,3.57
19940316,415.31,14.51,3.53
19940317,418.45,12.76,3.47
19940318,417.52,13.32,3.47
19940321,412.99,14.34,3.51
19940322,410.67,13.39,3.54
19940323,410.5,12.31,3.45
19940324,403.92,13.43,3.45
19940325,399.86,13.67,3.48
19940328,393.92,14.9,3.5
19940329,383.0,16.49,3.51
19940330,380.25,18.59,3.49
19940331,382.96,20.45,3.47
19940404,375.42,23.87,3.65
19940405,389.31,18.13,3.66
19940406,388.76,17.38,3.6
19940407,390.97,16.98,3.53
19940408,384.9,16.92,3.55
19940411,383.85,16.61,3.54
19940412,375.46,16.42,3.56
19940413,367.25,17.02,3.56
19940414,365.65,16.27,3.58
19940415,366.29,15.98,3.59
19940418,360.46,17.22,3.69
19940419,357.36,16.93,3.74
19940420,355.38,17.01,3.74
19940421,367.02,14.93,3.74
19940422,369.08,14.94,3.74
19940425,374.79,14.26,3.76
19940426,375.46,13.8,3.88
19940428,372.45,14.51,3.88
19940429,373.25,13.77,3.86
19940502,379.82,14.11,3.91
19940503,377.07,13.81,4.04
19940504,377.53,14.29,4.04
19940505,378.23,14.56,4.02
19940506,374.57,15.08,4.16
19940509,368.0,16.16,4.24
19940510,370.02,15.19,4.24
19940511,365.18,15.55,4.22
19940512,366.64,15.46,4.12
19940513,364.82,14.54,4.11
19940516,360.49,14.67,4.15
19940517,360.5,14.08,4.19
19940518,368.59,12.55,4.19
19940519,371.71,12.33,4.13
19940520,370.37,12.79,4.14
19940523,369.89,13.49,4.16
19940524,377.0,12.73,4.21
19940525,378.24,12.43,4.18
19940526,375.8,12.5,4.15
19940527,376.81,12.49,4.17
19940531,378.85,13.03,4.17
19940601,379.23,12.72,4.18
19940602,380.66,12.73,4.13
19940603,382.78,12.19,4.11
19940606,382.8,13.03,4.085
19940607,379.99,13.05,4.13
19940608,371.0,13.32,4.11
19940609,370.3,13.21,4.11
19940610,374.64,12.69,4.11
19940613,371.88,11.92,4.11
19940614,377.38,11.6,4.1
19940615,377.78,11.52,4.12
19940616,377.8,11.22,4.11
19940617,371.94,12.31,4.11
19940620,367.83,13.96,4.11
19940621,360.98,14.7,4.18
19940622,363.23,14.02,4.18
19940623,353.49,14.12,4.15
19940624,351.76,16.72,4.16
19940627,361.16,15.53,4.14
19940628,362.05,15.04,4.18
19940629,362.73,14.42,4.13
19940630,360.3,14.97,4.14
19940701,360.03,14.36,4.19
19940705,356.91,14.92,4.2
19940706,353.62,14.7,4.29
19940707,359.23,14.01,4.24
19940708,359.31,13.26,4.37
19940711,358.79,13.83,4.42
19940712,361.31,13.4,4.45
19940713,369.14,12.42,4.41
19940714,367.52,11.64,4.3
19940715,367.24,11.28,4.26
19940718,368.18,11.44,4.23
19940719,364.72,11.65,4.25
19940720,359.53,11.7,4.31
19940721,362.21,11.65,4.33
19940722,365.06,11.22,4.37
19940725,366.11,11.46,4.38
19940726,364.01,11.66,4.41
19940727,361.81,11.93,4.45
19940728,362.14,12.03,4.41
19940729,370.16,11.13,4.27
19940801,373.58,11.17,4.28
19940802,372.78,11.27,4.32
19940803,370.48,11.35,4.34
19940804,367.55,12.18,4.32
19940805,367.15,12.34,4.46
19940808,368.89,12.41,4.45
19940809,370.66,12.54,4.45
19940810,373.93,11.91,4.35
19940811,374.49,12.13,4.34
19940812,376.96,11.09,4.36
19940815,377.08,12.06,4.45
19940816,380.53,11.39,4.62
19940817,386.9,11.54,4.56
19940818,385.63,12.07,4.58
19940819,384.12,12.83,4.55
19940822,382.81,12.62,4.54
19940823,386.74,11.75,4.57
19940824,388.44,11.57,4.53
19940825,391.49,12.02,4.55
19940826,399.26,12.19,4.54
19940829,398.44,11.82,4.56
19940830,401.74,11.23,4.59
19940831,397.9,11.97,4.56
19940901,391.61,11.86,4.54
19940902,391.41,11.4,4.56
19940906,393.69,11.69,4.55
19940907,397.05,11.81,4.54
19940908,400.75,11.86,4.54
19940909,394.84,13.12,4.57
19940912,391.67,14.01,4.58
19940913,396.69,13.77,4.6
19940914,397.79,13.09,4.58
19940915,407.1,11.88,4.58
19940916,404.47,12.8,4.62
19940919,403.88,13.06,4.58
19940920,396.85,14.45,4.61
19940921,393.71,14.49,4.81
19940922,393.55,13.89,4.78
19940923,390.2,14.53,4.78
19940926,388.9,14.56,4.77
19940927,389.33,14.13,4.73
19940928,391.97,13.25,4.52
19940929,391.22,13.97,4.56
19940930,393.85,14.28,4.67
19941003,392.72,15.44,4.72
19941004,382.71,16.66,4.94
19941005,386.99,15.92,4.96
19941006,382.85,16.24,4.95
19941007,387.36,14.92,4.87
19941010,392.85,14.72,4.87
19941011,400.29,13.55,4.86
19941012,399.85,14.51,4.98
19941013,399.86,14.9,4.9
19941014,398.8,13.32,4.85
19941017,396.85,14.76,4.85
19941018,398.0,14.59,4.89
19941019,403.73,15.13,4.91
19941020,402.99,15.99,5.0
19941021,400.52,15.91,5.0
19941024,398.79,16.97,5.02
19941025,398.48,16.13,5.05
19941026,403.83,15.7,5.0
19941027,405.62,15.67,4.97
19941028,411.84,14.56,5.01
19941031,413.05,14.56,5.02
19941101,410.06,14.84,5.08
19941102,408.91,15.34,5.08
19941103,408.17,15.58,5.09
19941104,401.46,16.75,5.17
19941107,400.19,17.37,5.22
19941108,407.44,16.3,5.23
19941109,408.32,16.42,5.18
19941110,406.12,16.0,5.22
19941111,404.78,16.5,5.23
19941114,412.17,16.68,5.29
19941115,411.78,16.66,5.36
19941116,412.72,15.56,5.37
19941117,410.98,15.91,5.35
19941118,412.43,16.0,5.34
19941121,409.28,16.13,5.34
19941122,397.93,17.24,5.34
19941123,397.17,18.41,5.29
19941125,401.17,17.44,5.28
19941128,403.82,16.83,5.37
19941129,409.1,16.15,5.52
19941130,404.82,15.95,5.55
19941201,397.66,16.69,5.55
19941202,402.04,16.55,5.62
19941205,402.71,16.1,5.79
19941206,399.98,16.05,5.78
19941207,395.75,16.28,5.7
19941208,386.3,18.15,5.67
19941209,388.63,16.04,5.65
19941212,388.88,15.46,5.72
19941213,387.53,14.48,5.78
19941214,391.65,13.03,5.66
19941215,393.7,12.87,5.53
19941216,392.01,12.79,5.54
19941219,390.42,13.02,5.55
19941220,390.61,12.98,5.47
19941221,397.8,12.05,5.41
19941222,399.8,12.42,5.45
19941223,401.15,11.82,5.52
19941227,404.03,12.07,5.52
19941228,400.26,12.81,5.51
19941229,406.31,12.86,5.5
19941230,404.27,13.2,5.53
19950103,398.0,14.25,5.52
19950104,399.65,13.53,5.69
19950105,398.02,13.5,5.71
19950106,401.59,13.13,5.74
19950109,403.53,13.33,5.75
19950110,407.57,12.52,5.74
19950111,407.1,12.15,5.65
19950112,407.32,12.83,5.61
19950113,410.48,11.1,5.56
19950116,413.65,11.14,5.56
19950117,416.89,11.79,5.61
19950118,419.26,11.57,5.72
19950119,417.83,11.86,5.71
19950120,410.13,12.15,5.74
19950123,411.89,12.79,5.75
19950124,413.6,11.94,5.8
19950125,410.87,11.46,5.77
19950126,406.5,11.25,5.76
19950127,407.22,11.25,5.75
19950130,401.71,12.26,5.72
19950131,405.33,11.96,5.84
19950201,407.06,11.73,5.88
19950202,411.15,11.13,5.84
19950203,416.14,10.98,5.79
19950206,420.93,11.22,5.79
19950207,420.57,11.17,5.8
19950208,425.66,11.42,5.76
19950209,426.43,11.63,5.77
19950210,430.77,11.28,5.8
19950213,428.77,11.41,5.78
19950214,429.81,11.43,5.79
19950215,432.49,11.52,5.76
19950216,430.86,11.61,5.68
19950217,425.66,11.71,5.69
19950221,424.82,12.05,5.73
19950222,429.21,11.39,5.68
19950223,431.03,11.15,5.7
19950224,428.42,10.84,5.72
19950227,424.75,12.51,5.72
19950228,432.5,11.75,5.75
19950301,429.8,11.65,5.75
19950302,431.68,12.02,5.74
19950303,436.68,11.45,5.71
19950306,437.24,12.17,5.74
19950307,432.12,14.22,5.78
19950308,437.01,13.72,5.77
19950309,437.02,13.36,5.73
19950310,441.76,12.38,5.76
19950313,440.82,12.15,5.74
19950314,446.27,12.1,5.74
19950315,443.57,12.42,5.74
19950316,444.68,11.95,5.73
19950317,443.94,11.8,5.73
19950320,446.61,11.34,5.72
19950321,447.13,11.53,5.73
19950322,447.13,11.29,5.72
19950323,448.82,11.43,5.69
19950324,455.43,11.19,5.66
19950327,457.12,11.83,5.66
19950328,460.54,11.33,5.69
19950329,451.87,12.51,5.66
19950330,448.42,12.62,5.68
19950331,447.15,13.37,5.7
19950403,448.49,13.5,5.69
19950404,441.86,12.62,5.72
19950405,444.66,12.96,5.69
19950406,439.92,12.81,5.65
19950407,444.01,12.85,5.67
19950410,449.36,12.79,5.65
19950411,453.33,12.73,5.65
19950412,456.98,12.04,5.64
19950413,458.93,11.48,5.59
19950417,457.06,12.33,5.6
19950418,453.43,12.96,5.6
19950419,447.06,13.09,5.6
19950420,449.01,12.1,5.59
19950421,451.34,11.86,5.61
19950424,456.41,11.92,5.62
19950425,459.1,12.41,5.66
19950426,463.03,12.28,5.67
19950427,465.34,11.93,5.68
19950428,469.56,11.75,5.69
19950501,466.05,12.14,5.7
19950502,465.38,11.88,5.69
19950503,474.93,11.69,5.65
19950504,474.1,12.64,5.58
19950505,470.3,12.06,5.56
19950508,476.78,12.22,5.57
19950509,476.0,12.75,5.62
19950510,472.88,13.08,5.63
19950511,479.57,12.98,5.66
19950512,483.19,11.84,5.69
19950515,486.34,12.38,5.69
19950516,491.04,12.2,5.69
19950517,494.69,12.36,5.67
19950518,488.02,13.13,5.69
19950519,489.87,12.81,5.68
19950522,495.09,11.68,5.72
19950523,503.12,11.55,5.72
19950524,500.5,11.26,5.69
19950525,501.66,11.63,5.66
19950526,496.06,12.2,5.66
19950530,482.08,12.52,5.64
19950531,488.1,12.85,5.63
19950601,490.96,12.21,5.51
19950602,492.65,12.98,5.42
19950605,500.81,13.45,5.51
19950606,495.12,13.0,5.53
19950607,497.15,12.84,5.56
19950608,500.86,12.89,5.59
19950609,500.41,12.76,5.59
19950612,501.69,11.91,5.56
19950613,505.32,11.29,5.44
19950614,506.09,11.29,5.44
19950615,511.99,11.23,5.47
19950616,517.57,10.75,5.49
19950619,530.53,11.21,5.46
19950620,539.55,11.16,5.48
19950621,535.52,11.32,5.43
19950622,546.06,11.44,5.36
19950623,544.66,11.12,5.37
19950626,536.49,11.8,5.37
19950627,527.84,12.37,5.37
19950628,530.65,11.74,5.4
19950629,536.21,11.59,5.5
19950630,538.03,11.38,5.43
19950703,538.97,11.57,5.44
19950705,543.39,12.1,5.5
19950706,553.87,11.52,5.37
19950707,567.56,11.77,5.36
19950710,573.56,12.19,5.35
19950711,563.98,12.25,5.38
19950712,579.71,12.31,5.38
19950713,583.25,12.56,5.38
19950714,589.85,12.08,5.43
19950717,596.91,12.26,5.44
19950718,578.46,12.68,5.44
19950719,547.12,13.49,5.41
19950720,550.33,12.78,5.43
19950721,547.78,12.37,5.43
19950724,562.64,12.55,5.44
19950725,572.71,12.77,5.44
19950726,576.84,13.18,5.45
19950727,584.25,13.18,5.4
19950728,574.18,13.18,5.41
19950731,568.88,13.49,5.42
19950801,559.21,13.56,5.44
19950802,551.56,13.66,5.41
19950803,553.06,13.78,5.41
19950804,560.58,13.21,5.4
19950807,563.65,13.1,5.39
19950808,565.71,13.06,5.38
19950809,575.49,12.75,5.38
19950810,569.75,13.0,5.39
19950811,575.64,12.9,5.42
19950814,584.73,13.24,5.42
19950815,584.05,12.35,5.46
19950816,596.43,12.45,5.42
19950817,596.28,12.13,5.43
19950818,595.52,12.03,5.43
19950821,578.89,13.42,5.43
19950822,589.25,12.6,5.45
19950823,591.32,13.17,5.43
19950824,583.16,12.94,5.34
19950825,580.1,12.33,5.34
19950828,566.05,12.48,5.31
19950829,566.82,12.65,5.33
19950830,572.83,12.03,5.3
19950831,576.77,11.52,5.27
19950901,573.21,11.29,5.27
19950905,595.36,11.65,5.29
19950906,594.12,11.65,5.32
19950907,599.14,11.85,5.34
19950908,604.27,11.16,5.35
19950911,609.75,11.51,5.34
19950912,605.99,11.46,5.3
19950913,607.7,11.35,5.3
19950914,604.12,11.1,5.27
19950915,589.01,11.58,5.29
19950918,591.13,12.34,5.28
19950919,601.02,12.67,5.19
19950920,603.19,12.35,5.17
19950921,594.85,12.5,5.23
19950922,592.64,12.46,5.2
19950925,587.93,13.22,5.24
19950926,580.77,12.9,5.28
19950927,576.22,12.9,5.26
19950928,595.44,12.46,5.26
19950929,585.08,12.74,5.24
19951002,573.87,13.95,5.25
19951003,573.16,14.5,5.34
19951004,558.99,14.86,5.31
19951005,572.75,15.74,5.27
19951006,567.42,13.98,5.29
19951009,546.93,14.85,5.29
19951010,550.76,14.97,5.27
19951011,564.33,14.57,5.3
19951012,573.1,14.24,5.29
19951013,570.0,13.67,5.29
19951016,568.46,14.62,5.32
19951017,589.43,14.03,5.27
19951018,597.97,14.05,5.24
19951019,601.26,13.55,5.24
19951020,591.88,13.46,5.26
19951023,593.27,14.17,5.27
19951024,594.23,13.85,5.21
19951025,584.33,14.49,5.22
19951026,582.47,15.59,5.22
19951027,593.53,14.63,5.24
19951030,607.1,14.26,5.27
19951031,598.78,13.83,5.31
19951101,600.91,13.41,5.32
19951102,614.69,13.19,5.31
19951103,621.71,12.26,5.31
19951106,615.72,12.74,5.34
19951107,596.23,13.05,5.37
19951108,598.72,12.16,5.35
19951109,616.95,12.46,5.39
19951110,613.61,12.97,5.41
19951113,608.32,13.2,5.42
19951114,591.68,13.38,5.38
19951115,593.48,12.95,5.39
19951116,591.7,12.57,5.34
19951117,588.81,12.49,5.34
19951120,571.67,12.37,5.35
19951121,574.22,11.74,5.35
19951122,569.04,11.81,5.35
19951124,578.32,11.87,5.32
19951127,573.91,12.43,5.33
19951128,598.0,11.57,5.36
19951129,599.58,11.65,5.34
19951130,593.72,11.58,5.32
19951201,587.02,11.11,5.29
19951204,598.0,10.66,5.31
19951205,591.23,11.65,5.3
19951206,589.98,12.7,5.31
19951207,587.13,12.74,5.34
19951208,599.38,11.12,5.35
19951211,596.11,11.06,5.32
19951212,585.04,10.63,5.25
19951213,587.54,10.36,5.26
19951214,566.29,11.07,5.26
19951215,563.28,11.44,5.21
19951218,548.04,14.55,5.2
19951219,575.01,13.16,5.07
19951220,565.15,12.2,5.0
19951221,580.76,10.77,4.91
19951222,585.18,11.51,4.88
19951226,585.09,11.49,4.86
19951227,580.37,11.98,4.9
19951228,571.96,12.25,4.83
19951229,576.23,12.52,4.96
19960102,585.94,12.19,4.97
19960103,572.29,12.1,5.05
19960104,563.48,13.78,5.03
19960105,565.14,13.58,5.04
19960108,563.15,13.11,5.03
19960109,534.42,15.21,5.01
19960110,535.29,16.4,5.04
19960111,555.2,14.69,5.03
19960112,552.71,14.23,5.02
19960115,534.44,14.99,5.02
19960116,546.05,14.09,5.0
19960117,545.51,14.25,4.99
19960118,554.32,13.58,4.95
19960119,564.64,12.7,4.96
19960122,571.25,13.34,4.98
19960123,567.35,13.56,4.97
19960124,582.14,12.54,4.98
19960125,572.26,12.94,4.97
19960126,577.05,12.0,4.97
19960129,576.23,12.19,5.0
19960130,583.99,12.42,4.99
19960131,591.82,12.53,4.91
19960201,601.88,12.65,4.89
19960202,601.42,13.23,4.84
19960205,615.47,13.46,4.87
19960206,619.2,14.59,4.84
19960207,615.07,14.11,4.8
19960208,623.8,13.89,4.78
19960209,623.01,14.63,4.79
19960212,625.29,14.69,4.79
19960213,618.54,14.94,4.79
19960214,617.59,15.59,4.8
19960215,620.23,16.13,4.77
19960216,619.04,15.37,4.76
19960220,616.83,16.8,4.83
19960221,627.28,14.47,4.82
19960222,643.41,14.56,4.8
19960223,642.59,14.78,4.83
19960226,637.92,16.38,4.85
19960227,631.1,16.63,4.88
19960228,631.44,16.72,4.88
19960229,622.83,17.04,4.88
19960301,604.76,16.72,4.86
19960304,601.5,16.67,4.88
19960305,615.88,16.1,4.89
19960306,607.84,16.56,4.89
19960307,609.55,16.49,4.89
19960308,591.71,20.7,4.91
19960311,605.48,19.4,4.95
19960312,599.02,19.09,4.95
19960313,614.75,18.13,4.96
19960314,610.56,16.93,4.97
19960315,621.71,16.54,5.0
19960318,633.26,17.31,5.03
19960319,629.39,18.35,5.03
19960320,615.26,18.66,5.03
19960321,611.51,17.74,4.94
19960322,612.88,17.05,4.97
19960325,597.82,17.84,4.93
19960326,602.08,17.8,5.0
19960327,608.06,17.89,5.02
19960328,608.08,18.16,5.05
19960329,609.69,18.88,5.0
19960401,612.99,17.9,5.03
19960402,615.81,16.45,5.02
19960403,618.57,16.33,5.0
19960404,618.0,16.18,4.98
19960408,610.61,18.72,5.02
19960409,611.06,17.32,4.98
19960410,609.11,20.22,4.95
19960411,604.07,19.65,4.94
19960412,605.05,17.38,4.93
19960415,611.08,16.83,4.87
19960416,625.94,16.45,4.82
19960417,620.71,17.07,4.83
19960418,633.44,16.41,4.85
19960419,633.01,15.12,4.88
19960422,644.29,15.38,4.88
19960423,654.49,15.01,4.96
19960424,664.01,14.91,5.0
19960425,666.68,14.72,4.97
19960426,666.65,14.75,4.97
19960429,667.0,15.45,5.0
19960430,666.73,15.83,5.01
19960501,673.36,16.07,4.97
19960502,656.73,18.62,4.99
19960503,661.07,16.7,5.0
19960506,662.93,16.92,4.99
19960507,660.82,16.87,5.01
19960508,663.53,15.78,4.99
19960509,662.54,16.99,4.99
19960510,672.54,15.61,4.99
19960513,688.52,15.16,5.02
19960514,695.43,14.9,5.01
19960515,690.16,15.59,5.0
19960516,695.25,15.71,5.0
19960517,690.81,15.13,5.01
19960520,693.27,15.8,5.01
19960521,687.86,16.0,5.04
19960522,688.43,15.5,5.04
19960523,692.09,16.17,5.04
19960524,688.91,15.54,5.03
19960528,685.07,16.92,5.04
19960529,677.09,17.15,5.03
19960530,684.04,16.02,5.04
19960531,692.39,16.07,5.04
19960603,689.25,16.86,5.08
19960604,692.59,16.18,5.08
19960605,699.35,16.04,5.08
19960606,687.01,16.84,5.07
19960607,691.46,16.1,5.12
19960610,688.84,16.78,5.14
19960611,690.94,16.68,5.13
19960612,697.16,17.0,5.12
19960613,691.84,17.12,5.09
19960614,681.13,18.64,5.07
19960617,678.44,17.46,5.05
19960618,666.07,17.45,5.07
19960619,667.72,17.54,5.09
19960620,664.45,16.97,5.12
19960621,672.53,15.8,5.12
19960624,677.17,15.91,5.12
19960625,668.04,15.43,5.09
19960626,659.69,15.23,5.1
19960627,671.15,14.19,5.05
19960628,677.3,13.68,5.03
19960701,687.07,13.78,5.07
19960702,680.17,14.19,5.18
19960703,673.84,14.21,5.11
19960705,657.68,16.09,5.15
19960708,656.0,16.42,5.16
19960709,660.76,15.49,5.19
19960710,657.45,15.51,5.15
19960711,635.78,17.81,5.11
19960712,635.06,17.09,5.14
19960715,606.89,20.11,5.15
19960716,614.25,20.1,5.11
19960717,631.3,19.22,5.12
19960718,643.74,17.93,5.11
19960719,633.05,17.26,5.14
19960722,624.03,20.41,5.15
19960723,598.34,21.55,5.16
19960724,605.05,21.44,5.16
19960725,620.39,19.39,5.15
19960726,633.39,17.45,5.15
19960729,620.51,20.09,5.21
19960730,630.32,20.53,5.19
19960731,636.01,19.46,5.18
19960801,651.07,18.76,5.1
19960802,667.84,16.19,5.06
19960805,661.02,17.36,5.04
19960806,671.69,16.93,5.06
19960807,682.37,16.24,5.04
19960808,677.52,16.04,5.01
19960809,678.31,15.77,5.01
19960812,679.39,15.57,5.01
19960813,669.1,16.41,5.03
19960814,677.17,15.96,5.02
19960815,677.09,15.46,5.05
19960816,672.28,14.81,5.04
19960819,670.25,15.27,5.04
19960820,662.87,14.73,5.03
19960821,667.42,14.52,5.0
19960822,681.63,13.71,4.99
19960823,677.57,14.18,5.01
19960826,672.92,15.38,5.06
19960827,679.05,15.11,5.06
19960828,679.67,15.1,5.06
19960829,671.1,16.22,5.1
19960830,663.57,17.01,5.14
19960903,669.29,18.47,5.18
19960904,669.2,18.64,5.18
19960905,652.32,20.51,5.21
19960906,664.22,17.1,5.19
19960909,671.98,16.36,5.13
19960910,671.65,16.25,5.15
19960911,675.12,16.06,5.16
19960912,685.65,15.97,5.14
19960913,707.86,15.2,5.06
19960916,709.22,15.43,5.04
19960917,722.5,15.74,5.17
19960918,727.63,15.86,5.15
19960919,736.76,16.03,5.11
19960920,743.42,15.65,5.14
19960923,733.41,16.46,5.15
19960924,736.61,16.45,5.02
19960925,745.69,16.22,4.94
19960926,744.61,16.11,4.87
19960927,744.73,16.1,4.9
19960930,737.57,16.95,4.91
19961001,734.5,17.05,4.97
19961002,747.55,16.78,4.9
19961003,743.28,16.77,4.9
19961004,759.12,14.8,4.87
19961007,764.82,15.11,4.92
19961008,753.24,15.58,4.98
19961009,753.97,16.09,4.98
19961010,751.44,16.26,5.01
19961011,765.64,15.07,5.0
19961014,771.99,15.13,5.0
19961015,775.08,15.83,5.04
19961016,767.64,15.6,5.0
19961017,755.8,15.41,4.97
19961018,756.83,15.08,4.97
19961021,746.28,15.98,4.99
19961022,736.64,16.4,4.99
19961023,749.7,16.45,4.98
19961024,748.41,16.89,4.99
19961025,743.55,17.29,4.99
19961028,741.64,18.34,5.02
19961029,731.21,18.28,5.01
19961030,736.36,18.48,5.01
19961031,751.99,18.11,5.01
19961101,755.51,17.89,5.02
19961104,756.23,18.04,5.01
19961105,769.91,17.65,5.02
19961106,786.9,16.97,5.02
19961107,795.42,17.21,5.01
19961108,798.66,15.78,5.03
19961111,804.72,14.04,5.03
19961112,794.09,15.36,5.03
19961113,798.7,14.89,5.02
19961114,809.75,13.79,5.02
19961115,799.44,14.36,5.0
19961118,793.29,15.12,5.02
19961119,805.78,15.23,5.02
19961120,808.39,15.94,5.02
19961121,800.47,15.77,5.02
19961122,818.37,14.92,5.02
19961125,821.24,15.91,5.02
19961126,825.51,16.97,5.02
19961127,832.37,16.96,5.01
19961129,834.01,17.14,4.99
19961202,844.63,17.93,4.94
19961203,837.91,18.68,4.91
19961204,834.65,17.93,4.89
19961205,835.8,18.14,4.9
19961206,827.21,18.82,4.89
19961209,856.64,17.75,4.85
19961210,848.96,17.88,4.81
19961211,856.38,19.68,4.81
19961212,843.37,20.45,4.83
19961213,828.45,21.09,4.79
19961216,804.78,21.99,4.85
19961217,815.79,20.77,4.88
19961218,836.54,19.42,4.87
19961219,843.73,18.77,4.85
19961220,834.05,18.85,4.88
19961223,824.79,19.5,4.96
19961224,835.4,18.68,4.95
19961226,842.98,18.59,4.96
19961227,835.46,19.13,4.96
19961230,826.49,19.51,5.03
19961231,821.36,20.92,5.05
19970102,815.6,21.14,5.05
19970103,848.17,19.13,5.03
19970106,853.25,19.89,5.03
19970107,864.55,19.35,5.01
19970108,853.09,20.24,5.01
19970109,856.95,20.91,4.99
19970110,865.58,19.63,5.02
19970113,864.38,19.84,5.03
19970114,881.38,19.27,5.03
19970115,864.29,19.4,5.0
19970116,873.63,19.61,5.03
19970117,883.44,18.63,5.02
19970120,899.78,18.6,5.02
19970121,913.73,17.81,5.02
19970122,925.52,17.09,5.02
19970123,912.74,18.47,5.02
19970124,898.37,19.33,5.02
19970127,889.82,20.16,5.05
19970128,890.79,20.74,5.04
19970129,892.46,20.23,5.04
19970130,911.71,19.47,5.03
19970131,921.55,19.47,5.01
19970203,918.01,19.58,4.97
19970204,916.3,19.43,5.0
19970205,887.39,21.06,4.99
19970206,885.52,20.16,5.0
19970207,899.84,18.9,4.99
19970210,872.06,20.65,4.99
19970211,871.71,19.97,5.01
19970212,900.5,19.48,5.01
19970213,907.54,19.23,4.99
19970214,899.91,19.18,4.96
19970218,897.53,19.7,4.96
19970219,897.65,20.61,4.97
19970220,880.28,21.41,4.95
19970221,864.28,20.55,4.95
19970224,880.26,19.84,4.97
19970225,882.04,19.98,5.0
19970226,880.74,20.74,5.06
19970227,848.58,21.08,5.07
19970228,850.46,21.1,5.07
19970303,856.08,20.89,5.09
19970304,862.04,20.62,5.08
19970305,872.07,19.49,5.06
19970306,851.51,20.48,5.07
19970307,841.03,19.32,5.08
19970310,854.84,19.0,5.05
19970311,848.5,19.25,5.03
19970312,839.32,19.61,5.06
19970313,840.5,19.79,5.1
19970314,838.98,19.81,5.09
19970317,832.24,20.95,5.12
19970318,827.57,21.26,5.13
19970319,811.8,21.74,5.15
19970320,821.73,21.22,5.19
19970321,812.73,19.69,5.26
19970324,802.37,20.06,5.25
19970325,807.19,19.26,5.25
19970326,834.38,18.32,5.21
19970327,818.74,20.5,5.22
19970331,797.06,22.14,5.17
19970401,796.79,20.84,5.16
19970402,783.92,21.3,5.14
19970403,804.67,21.19,5.12
19970404,822.4,19.23,5.14
19970407,832.31,18.51,5.15
19970408,840.36,18.44,5.1
19970409,828.73,18.56,5.1
19970410,813.43,19.01,5.14
19970411,789.97,19.76,5.15
19970414,806.79,19.09,5.15
19970415,798.0,18.25,5.14
19970416,798.68,17.64,5.15
19970417,808.22,18.71,5.14
19970418,816.43,18.75,5.14
19970421,802.5,20.1,5.15
19970422,818.08,19.52,5.2
19970423,837.97,20.48,5.2
19970424,837.75,20.83,5.17
19970425,818.57,21.15,5.16
19970428,829.39,21.34,5.18
19970429,856.26,19.81,5.12
19970430,874.74,20.06,5.1
19970501,882.12,19.87,5.09
19970502,909.49,17.51,5.09
19970505,932.89,20.13,5.01
19970506,914.9,20.85,5.04
19970507,909.29,21.34,5.09
19970508,919.31,21.26,5.06
19970509,919.08,20.11,5.04
19970512,924.64,20.25,5.02
19970513,910.57,20.81,5.06
19970514,909.92,21.09,5.03
19970515,931.83,19.91,4.97
19970516,915.29,21.57,5.05
19970519,913.57,21.48,5.16
19970520,942.11,19.26,5.11
19970521,950.53,19.28,4.99
19970522,946.1,18.77,5.02
19970523,959.08,18.08,5.03
19970527,984.61,19.36,4.98
19970528,982.6,19.28,5.0
19970529,970.54,19.02,4.9
19970530,958.85,19.19,4.82
19970602,958.69,20.85,4.78
19970603,929.81,20.01,4.95
19970604,921.96,20.1,4.96
19970605,930.61,20.36,4.98
19970606,944.99,18.94,4.92
19970609,954.76,19.46,4.9
19970610,941.18,19.04,4.91
19970611,949.0,18.85,4.85
19970612,950.0,18.51,4.83
19970613,964.4,19.27,4.84
19970616,975.99,19.77,4.83
19970617,989.37,20.17,4.91
19970618,971.55,20.45,4.93
19970619,981.95,20.1,4.94
19970620,981.41,20.2,4.94
19970623,969.06,21.19,5.03
19970624,986.42,20.74,5.0
19970625,979.22,21.5,4.97
19970626,967.34,21.82,4.99
19970627,963.01,21.22,5.0
19970630,957.3,21.53,5.05
19970701,953.44,21.0,5.1
19970702,975.93,19.7,5.09
19970703,986.52,17.82,5.0
19970707,991.04,19.13,4.94
19970708,1005.81,18.76,4.96
19970709,1010.1,20.4,4.97
19970710,1010.04,19.92,4.99
19970711,1015.62,19.06,4.99
19970714,1041.88,19.58,5.0
19970715,1059.02,19.0,5.06
19970716,1103.43,19.36,5.04
19970717,1094.85,20.54,5.07
19970718,1070.99,22.28,5.11
19970721,1058.45,23.51,5.13
19970722,1090.94,21.77,5.09
19970723,1092.06,21.3,5.05
19970724,1088.18,20.96,5.07
19970725,1085.39,20.82,5.08
19970728,1075.18,21.84,5.1
19970729,1087.92,22.02,5.09
19970730,1100.98,21.39,5.09
19970731,1107.03,21.48,5.1
19970801,1108.94,22.29,5.13
19970804,1124.08,21.94,5.14
19970805,1136.41,20.64,5.14
19970806,1141.82,20.05,5.14
19970807,1135.61,19.77,5.15
19970808,1115.02,22.46,5.14
19970811,1101.18,22.77,5.16
19970812,1090.78,23.75,5.17
19970813,1099.1,24.52,5.17
19970814,1103.51,23.11,5.18
19970815,1076.67,24.45,5.13
19970818,1089.55,24.37,5.11
19970819,1121.18,22.64,5.08
19970820,1145.07,21.09,5.09
19970821,1118.72,23.83,5.12
19970822,1110.91,24.74,5.09
19970825,1107.75,24.1,5.14
19970826,1093.21,24.73,5.12
19970827,1091.89,24.26,5.13
19970828,1070.57,24.51,5.09
19970829,1074.05,24.76,5.09
19970902,1102.75,24.53,5.05
19970903,1100.44,24.95,5.01
19970904,1105.82,25.27,5.0
19970905,1111.15,24.31,5.02
19970908,1117.82,24.4,5.0
19970909,1126.73,23.89,4.99
19970910,1102.95,24.64,4.96
19970911,1105.06,25.99,4.98
19970912,1106.07,25.17,4.96
19970915,1080.29,25.74,4.99
19970916,1116.52,23.77,4.92
19970917,1108.63,24.1,4.97
19970918,1109.29,23.48,4.95
19970919,1118.68,22.74,4.92
19970922,1123.65,22.08,4.89
19970923,1135.04,22.0,4.85
19970924,1115.88,22.64,4.8
19970925,1106.48,22.96,4.79
19970926,1106.82,22.26,4.85
19970929,1118.77,22.23,4.86
19970930,1097.16,22.91,4.97
19971001,1102.06,22.32,4.96
19971002,1112.84,22.27,4.92
19971003,1124.44,21.54,4.89
19971006,1125.93,21.61,4.85
19971007,1140.74,20.29,4.92
19971008,1145.34,20.77,4.96
19971009,1148.21,22.31,4.98
19971010,1137.77,19.75,4.99
19971013,1140.48,20.26,4.99
19971014,1131.43,19.99,4.95
19971015,1119.07,20.05,4.92
19971016,1099.38,20.53,4.93
19971017,1075.12,21.69,4.89
19971020,1088.25,20.72,4.9
19971021,1110.55,19.53,4.96
19971022,1098.71,19.86,5.0
19971023,1074.65,22.99,4.97
19971024,1057.34,23.17,5.01
19971027,978.13,31.12,4.95
19971028,1046.87,31.22,5.09
19971029,1029.76,33.75,5.05
19971030,1000.7,38.2,5.02
19971031,1019.62,35.09,5.06
19971103,1050.72,32.09,5.1
19971104,1047.62,32.24,5.1
19971105,1046.92,32.18,5.12
19971106,1034.17,32.57,5.15
19971107,1028.32,36.27,5.15
19971110,1011.54,36.63,5.2
19971111,1010.96,36.38,5.2
19971112,980.12,37.84,5.15
19971113,1005.25,36.64,5.13
19971114,1027.85,33.66,5.12
19971117,1049.7,31.58,5.16
19971118,1036.31,31.55,5.15
19971119,1039.12,29.93,5.13
19971120,1062.49,27.32,5.13
19971121,1056.59,26.65,5.1
19971124,1030.22,29.8,5.14
19971125,1038.06,28.95,5.14
19971126,1044.24,28.95,5.09
19971128,1050.51,27.43,5.06
19971201,1079.23,26.01,5.09
19971202,1052.07,25.66,5.1
19971203,1061.62,23.92,5.1
19971204,1052.76,23.84,5.1
19971205,1070.27,22.65,5.16
19971208,1082.92,23.22,5.19
19971209,1050.67,23.36,5.1
19971210,1033.21,24.55,5.06
19971211,1001.88,27.63,5.05
19971212,978.49,27.92,5.05
19971215,984.38,27.37,5.09
19971216,997.31,26.11,5.06
19971217,983.63,26.33,5.09
19971218,966.77,27.19,5.08
19971219,969.9,29.18,5.24
19971222,975.67,28.56,5.3
19971223,949.57,29.86,5.34
19971224,938.99,30.27,5.22
19971226,954.07,29.27,5.18
19971229,978.53,26.79,5.25
19971230,998.46,24.38,5.24
19971231,990.83,24.01,5.2
19980102,1008.23,23.42,5.17
19980105,1017.42,24.36,5.08
19980106,1006.29,25.66,5.08
19980107,991.19,25.07,5.09
19980108,994.55,26.01,4.96
19980109,956.19,28.69,4.92
19980112,971.17,28.02,4.92
19980113,995.05,25.17,5.07
19980114,996.37,23.75,5.04
19980115,995.58,23.45,4.98
19980116,1005.87,21.65,5.0
19980120,1026.88,21.65,5.01
19980121,1026.52,22.53,4.99
19980122,1020.63,23.16,4.99
19980123,1024.47,23.32,5.04
19980126,1016.4,23.97,5.03
19980127,1035.76,22.27,5.11
19980128,1063.2,22.06,5.08
19980129,1069.0,21.65,5.05
19980130,1071.13,21.47,5.04
19980202,1100.99,21.36,5.09
19980203,1111.26,20.67,5.09
19980204,1124.44,20.55,4.97
19980205,1114.86,21.29,4.99
19980206,1134.32,20.51,5.04
19980209,1122.72,21.55,5.01
19980210,1139.79,20.66,5.08
19980211,1138.81,20.38,5.07
19980212,1144.8,19.73,5.1
19980213,1136.69,19.84,5.08
19980217,1128.63,20.76,5.04
19980218,1140.74,19.66,5.05
19980219,1156.75,19.88,5.05
19980220,1159.73,19.0,5.07
19980223,1185.53,18.99,5.1
19980224,1172.4,19.35,5.18
19980225,1200.39,18.62,5.17
19980226,1206.97,18.63,5.18
19980227,1194.13,18.55,5.18
19980302,1177.59,19.19,5.17
19980303,1175.72,19.04,5.07
19980304,1179.87,19.58,5.03
19980305,1126.83,20.93,5.03
19980306,1163.11,19.14,5.01
19980309,1128.37,20.23,5.01
19980310,1148.61,19.43,4.96
19980311,1153.87,18.89,4.94
19980312,1163.27,18.25,4.94
19980313,1169.29,18.71,4.96
19980316,1180.17,18.51,4.96
19980317,1167.89,18.66,5.01
19980318,1177.01,18.29,5.02
19980319,1186.16,17.76,5.03
19980320,1169.43,18.69,5.04
19980323,1179.18,19.98,5.01
19980324,1197.81,20.51,5.01
19980325,1214.82,22.54,5.02
19980326,1217.94,22.81,5.06
19980327,1211.64,23.47,5.06
19980330,1206.64,24.66,5.08
19980331,1220.66,24.22,4.99
19980401,1228.41,23.37,4.97
19980402,1230.18,21.98,4.96
19980403,1233.66,21.82,4.93
19980406,1205.37,22.47,4.97
19980407,1182.13,23.66,4.91
19980408,1191.06,23.17,4.91
19980409,1196.9,21.51,4.93
19980413,1202.97,22.77,5.05
19980414,1213.12,21.61,5.0
19980415,1231.36,20.89,4.95
19980416,1227.53,22.06,4.91
19980417,1231.25,20.76,4.91
19980420,1253.11,20.39,4.91
19980421,1269.7,19.91,4.94
19980422,1290.9,19.44,4.94
19980423,1258.58,20.6,4.95
19980424,1250.14,21.97,4.93
19980427,1220.05,26.09,4.94
19980428,1222.5,24.17,4.92
19980429,1239.56,22.78,4.93
19980430,1248.12,21.18,4.85
19980501,1251.53,19.34,4.88
19980504,1255.82,20.32,4.9
19980505,1247.27,21.46,4.97
19980506,1242.25,22.79,4.99
19980507,1222.68,23.39,4.97
19980508,1254.03,20.57,4.99
19980511,1237.66,21.05,4.99
19980512,1256.41,20.98,4.99
19980513,1263.08,20.44,4.98
19980514,1266.15,19.64,5.03
19980515,1249.49,20.44,5.03
19980518,1242.5,21.69,5.04
19980519,1255.59,20.39,5.07
19980520,1237.75,19.89,5.06
19980521,1223.7,19.38,5.1
19980522,1214.13,18.99,5.07
19980526,1200.12,22.07,5.0
19980527,1209.46,22.59,4.95
19980528,1214.83,20.74,4.92
19980529,1192.07,21.32,4.89
19980601,1165.55,22.83,4.86
19980602,1187.15,22.0,4.97
19980603,1163.98,22.85,4.99
19980604,1195.19,21.22,4.98
19980605,1206.7,19.78,4.97
19980608,1207.02,20.58,4.98
19980609,1223.48,20.52,5.0
19980610,1199.31,21.48,5.0
19980611,1185.11,23.57,4.96
19980612,1186.99,22.78,4.98
19980615,1173.57,25.94,4.97
19980616,1210.9,24.8,5.02
19980617,1224.08,22.89,5.08
19980618,1227.33,22.4,5.04
19980619,1239.71,21.92,5.02
19980622,1263.93,21.94,4.98
19980623,1302.39,20.17,4.94
19980624,1331.16,20.02,4.91
19980625,1311.4,20.25,4.86
19980626,1320.94,19.36,4.86
19980629,1339.71,19.57,4.87
19980630,1337.34,19.71,4.97
19980701,1356.14,18.0,4.95
19980702,1332.53,17.67,4.93
19980706,1342.58,18.63,4.92
19980707,1346.32,18.62,4.97
19980708,1377.84,17.82,4.95
19980709,1383.22,18.16,4.93
19980710,1391.11,17.92,4.92
19980713,1420.58,18.26,4.94
19980714,1418.13,17.88,5.02
19980715,1449.58,17.89,5.0
19980716,1452.62,16.97,5.02
19980717,1463.97,16.23,5.01
19980720,1465.89,17.34,4.99
19980721,1431.89,20.1,4.93
19980722,1430.58,20.32,4.93
19980723,1405.8,23.01,4.96
19980724,1408.6,23.01,4.94
19980727,1426.37,23.13,4.94
19980728,1393.28,25.25,4.92
19980729,1380.08,24.79,4.93
19980730,1422.05,22.66,4.92
19980731,1377.26,24.8,4.95
19980803,1368.44,25.98,4.97
19980804,1317.24,31.06,4.95
19980805,1329.9,29.83,4.94
19980806,1365.87,28.2,4.88
19980807,1364.07,27.02,4.87
19980810,1362.88,28.75,4.85
19980811,1330.13,31.91,4.88
19980812,1354.66,28.55,4.9
19980813,1338.39,29.92,4.92
19980814,1330.04,34.34,4.9
19980817,1367.79,31.86,4.92
19980818,1401.24,28.4,4.95
19980819,1398.26,28.69,4.93
19980820,1398.2,30.0,4.91
19980821,1374.77,33.14,4.87
19980824,1370.92,31.8,4.93
19980825,1388.35,30.33,4.94
19980826,1374.05,31.14,4.92
19980827,1311.53,38.55,4.84
19980828,1265.04,39.6,4.78
19980831,1140.34,44.28,4.76
19980901,1215.06,36.48,4.77
19980902,1221.44,36.76,4.77
19980903,1208.96,41.43,4.71
19980904,1205.41,43.31,4.73
19980908,1286.47,37.9,4.73
19980909,1261.77,39.66,4.75
19980910,1235.37,45.29,4.65
19980911,1290.2,43.74,4.73
19980914,1308.23,38.57,4.75
19980915,1324.19,36.58,4.66
19980916,1331.45,35.94,4.63
19980917,1291.79,39.23,4.57
19980918,1300.7,38.63,4.49
19980921,1327.7,38.58,4.59
19980922,1336.19,36.62,4.69
19980923,1394.65,32.47,4.57
19980924,1356.46,34.66,4.48
19980925,1390.09,34.55,4.41
19980928,1383.25,34.87,4.37
19980929,1384.89,36.08,4.32
19980930,1345.48,40.95,4.25
19981001,1273.74,43.48,4.13
19981002,1276.44,40.47,4.1
19981005,1207.68,42.81,4.02
19981006,1184.84,41.2,4.05
19981007,1151.09,43.51,4.05
19981008,1128.88,45.74,3.73
19981009,1197.87,42.2,3.81
19981012,1243.4,40.07,3.81
19981013,1206.9,40.23,3.81
19981014,1235.67,38.96,3.92
19981015,1299.66,33.34,4.02
19981016,1293.91,34.82,3.53
19981019,1310.17,33.13,3.69
19981020,1283.23,33.11,3.91
19981021,1332.05,33.21,3.9
19981022,1355.19,31.53,3.86
19981023,1340.6,32.27,3.87
19981026,1368.93,32.38,3.99
19981027,1353.34,32.95,4.06
19981028,1379.96,32.42,4.18
19981029,1396.3,29.5,4.21
19981030,1400.52,28.05,4.21
19981102,1418.79,27.26,4.3
19981103,1401.73,27.76,4.38
19981104,1434.0,27.37,4.45
19981105,1442.04,26.01,4.43
19981106,1458.34,25.7,4.55
19981109,1467.63,28.09,4.51
19981110,1477.48,28.17,4.44
19981111,1480.71,28.47,4.44
19981112,1466.54,29.28,4.39
19981113,1465.22,29.03,4.35
19981116,1475.6,28.9,4.41
19981117,1498.55,27.95,4.3
19981118,1514.89,27.13,4.32
19981119,1537.45,25.5,4.32
19981120,1544.22,22.47,4.35
19981123,1589.06,21.84,4.47
19981124,1580.83,23.28,4.49
19981125,1598.48,22.15,4.45
19981127,1628.35,22.09,4.43
19981130,1557.96,26.01,4.42
19981201,1632.53,24.97,4.38
19981202,1619.09,25.43,4.37
19981203,1573.78,28.7,4.33
19981204,1630.01,25.31,4.36
19981207,1676.89,24.9,4.38
19981208,1668.16,25.58,4.31
19981209,1685.38,25.66,4.31
19981210,1652.76,26.81,4.36
19981211,1675.01,27.72,4.39
19981214,1614.09,31.31,4.39
19981215,1663.78,29.42,4.38
19981216,1656.28,29.96,4.34
19981217,1689.63,27.96,4.34
19981218,1735.0,25.04,4.38
19981221,1787.3,23.86,4.43
19981222,1767.82,22.78,4.41
19981223,1818.96,20.21,4.46
19981224,1806.04,21.48,4.45
19981228,1823.99,23.5,4.45
19981229,1823.31,22.18,4.48
19981230,1810.97,23.34,4.43
19981231,1836.01,24.42,4.35
19990104,1854.39,26.17,4.37
19990105,1903.0,24.46,4.37
19990106,1963.95,23.34,4.37
19990107,1966.35,24.37,4.31
19990108,1973.66,23.28,4.36
19990111,2000.18,25.46,4.39
19990112,1939.08,28.1,4.36
19990113,1948.71,30.11,4.34
19990114,1906.12,32.98,4.31
19990115,1981.62,29.24,4.32
19990119,2033.71,29.24,4.28
19990120,2033.71,28.6,4.29
19990121,1961.76,30.92,4.21
19990122,1964.21,31.95,4.25
19990125,1997.16,31.13,4.29
19990126,2062.2,29.23,4.35
19990127,2030.36,29.73,4.36
19990128,2104.59,28.11,4.37
19990129,2127.19,26.25,4.36
19990201,2130.93,27.67,4.41
19990202,2078.69,28.16,4.41
19990203,2119.94,27.88,4.36
19990204,2027.66,29.48,4.36
19990205,1988.55,29.67,4.39
19990208,2034.21,30.27,4.4
19990209,1935.33,31.36,4.41
19990210,1944.18,30.45,4.37
19990211,2044.68,27.42,4.39
19990212,1958.6,29.76,4.42
19990216,1954.49,29.65,4.4
19990217,1891.37,30.65,4.41
19990218,1906.09,30.45,4.41
19990219,1931.59,29.3,4.45
19990222,1996.02,25.87,4.49
19990223,2028.23,26.49,4.54
19990224,1989.14,27.21,4.54
19990225,1974.39,28.01,4.5
19990226,1925.28,27.88,4.55
19990301,1937.7,28.37,4.58
19990302,1888.66,29.22,4.54
19990303,1899.81,29.04,4.48
19990304,1933.03,26.67,4.48
19990305,1969.87,24.08,4.49
19990308,2034.05,24.54,4.5
19990309,2028.57,25.02,4.47
19990310,2038.51,24.79,4.47
19990311,2043.76,24.37,4.48
19990312,2008.96,24.84,4.47
19990315,2060.34,25.24,4.46
19990316,2073.31,25.15,4.43
19990317,2064.5,25.57,4.4
19990318,2102.77,24.13,4.37
19990319,2053.69,24.32,4.38
19990322,2027.14,25.0,4.39
19990323,1961.31,27.27,4.38
19990324,2013.55,26.6,4.38
19990325,2083.35,24.33,4.39
19990326,2067.3,24.04,4.39
19990329,2144.66,23.54,4.39
19990330,2125.69,22.73,4.37
19990331,2106.39,23.26,4.36
19990401,2146.13,22.06,4.3
19990405,2219.64,22.19,4.29
19990406,2218.83,22.65,4.29
19990407,2192.29,22.81,4.28
19990408,2224.75,22.59,4.27
19990409,2232.47,21.77,4.26
19990412,2219.21,21.93,4.22
19990413,2175.18,22.73,4.17
19990414,2103.63,24.94,4.16
19990415,2135.81,23.93,4.19
19990416,2086.46,23.9,4.22
19990419,1967.58,26.42,4.21
19990420,2030.28,25.02,4.25
19990421,2105.82,23.31,4.24
19990422,2183.49,22.62,4.27
19990423,2210.44,22.76,4.31
19990426,2260.66,23.53,4.35
19990427,2207.03,23.36,4.37
19990428,2150.44,24.4,4.38
19990429,2119.29,25.06,4.38
19990430,2136.39,25.07,4.43
19990503,2137.95,24.15,4.46
19990504,2097.55,25.62,4.49
19990505,2155.77,25.19,4.48
19990506,2078.63,27.44,4.48
19990507,2117.73,25.36,4.47
19990510,2134.75,26.62,4.47
19990511,2175.85,25.62,4.48
19990512,2217.68,26.13,4.47
19990513,2179.08,25.02,4.45
19990514,2125.15,26.86,4.5
19990517,2175.74,27.28,4.55
19990518,2159.26,27.26,4.53
19990519,2186.2,25.08,4.5
19990520,2139.95,24.46,4.48
19990521,2114.4,24.4,4.46
19990524,2060.59,27.62,4.5
19990525,1999.04,28.9,4.51
19990526,2053.04,27.57,4.52
19990527,2050.09,28.12,4.52
19990528,2089.7,25.39,4.51
19990601,2025.79,26.62,4.54
19990602,2074.54,26.21,4.6
19990603,2030.4,26.2,4.52
19990604,2109.41,23.43,4.43
19990607,2152.69,23.78,4.39
19990608,2086.75,24.02,4.48
19990609,2135.48,23.9,4.47
19990610,2097.79,25.32,4.53
19990611,2062.29,25.9,4.59
19990614,2028.92,26.51,4.57
19990615,2058.17,25.91,4.59
19990616,2167.49,22.4,4.55
19990617,2190.83,21.95,4.51
19990618,2205.46,21.75,4.52
19990621,2268.66,21.81,4.55
19990622,2209.89,21.7,4.61
19990623,2239.33,21.32,4.59
19990624,2184.87,23.06,4.59
19990625,2185.76,21.76,4.66
19990628,2243.94,22.63,4.67
19990629,2280.06,22.51,4.7
19990630,2296.77,21.09,4.67
19990701,2322.32,19.69,4.57
19990702,2347.88,18.66,4.54
19990706,2330.73,20.73,4.52
19990707,2340.67,20.35,4.53
19990708,2374.58,20.24,4.54
19990709,2393.02,17.96,4.56
19990712,2384.24,19.73,4.56
19990713,2373.66,19.95,4.58
19990714,2417.05,19.71,4.58
19990715,2429.27,18.68,4.57
19990716,2459.48,17.42,4.54
19990719,2424.62,19.07,4.52
19990720,2329.32,21.79,4.49
19990721,2363.63,21.46,4.47
19990722,2281.92,23.05,4.48
19990723,2302.02,23.32,4.52
19990726,2233.51,24.98,4.57
19990727,2308.78,23.23,4.58
19990728,2333.78,22.85,4.57
19990729,2263.06,24.52,4.58
19990730,2270.93,24.64,4.62
19990802,2264.81,25.59,4.65
19990803,2239.18,26.27,4.69
19990804,2204.33,27.4,4.66
19990805,2232.23,27.01,4.58
19990806,2212.15,26.6,4.66
19990809,2187.61,27.66,4.74
19990810,2163.77,28.45,4.81
19990811,2241.8,25.39,4.77
19990812,2214.33,25.03,4.66
19990813,2307.06,22.31,4.6
19990816,2313.08,23.07,4.63
19990817,2337.37,21.67,4.68
19990818,2317.39,23.3,4.63
19990819,2278.79,24.39,4.63
19990820,2315.07,22.95,4.69
19990823,2385.87,22.55,4.77
19990824,2404.82,22.4,4.85
19990825,2460.92,20.96,4.79
19990826,2417.3,21.21,4.78
19990827,2402.57,21.83,4.84
19990830,2366.88,24.63,4.85
19990831,2396.87,24.45,4.85
19990901,2404.94,22.93,4.82
19990902,2392.6,24.53,4.78
19990903,2506.69,20.98,4.77
19990907,2491.82,23.44,4.69
19990908,2454.67,23.82,4.69
19990909,2505.5,23.01,4.68
19990910,2534.61,22.03,4.62
19990913,2483.1,22.89,4.63
19990914,2522.46,23.77,4.69
19990915,2463.09,24.56,4.62
19990916,2466.88,25.25,4.56
19990917,2536.91,23.3,4.55
19990920,2545.41,24.03,4.54
19990921,2473.74,25.65,4.65
19990922,2513.94,25.19,4.68
19990923,2403.07,27.84,4.67
19990924,2399.58,27.79,4.67
19990927,2426.51,26.4,4.67
19990928,2428.11,26.06,4.67
19990929,2398.78,26.49,4.68
19990930,2407.9,25.41,4.71
19991001,2404.45,24.93,4.71
19991004,2467.92,24.46,4.7
19991005,2471.5,24.79,4.73
19991006,2532.4,22.06,4.67
19991007,2532.0,23.58,4.7
19991008,2555.36,20.49,4.67
19991011,2578.88,20.63,4.67
19991012,2526.82,22.84,4.72
19991013,2454.49,25.96,4.84
19991014,2470.99,26.05,4.87
19991015,2403.81,28.75,4.89
19991018,2362.11,28.19,4.93
19991019,2362.25,26.56,4.99
19991020,2466.29,23.9,4.99
19991021,2477.14,24.02,4.98
19991022,2485.9,21.64,4.92
19991025,2484.19,23.6,4.9
19991026,2466.4,24.26,4.99
19991027,2457.46,24.2,4.99
19991028,2539.93,21.34,4.95
19991029,2637.44,22.2,4.96
19991101,2616.36,22.09,4.98
19991102,2626.99,23.1,4.98
19991103,2672.72,23.16,4.97
19991104,2703.11,23.0,4.94
19991105,2755.7,21.66,4.98
19991108,2786.27,21.87,5.04
19991109,2763.58,22.7,5.04
19991110,2797.61,22.26,5.05
19991111,2849.81,22.07,5.05
19991112,2888.91,21.65,5.08
19991115,2875.87,22.74,5.11
19991116,2940.25,20.73,5.14
19991117,2911.69,20.96,5.09
19991118,3003.49,19.76,5.08
19991119,3028.84,19.11,5.08
19991122,3049.61,19.98,5.07
19991123,2999.78,21.0,5.13
19991124,3108.52,20.26,5.13
19991126,3116.62,22.33,5.13
19991129,3063.23,23.57,5.17
19991130,2966.71,24.18,5.15
19991201,2997.28,22.23,5.1
19991202,3108.47,21.77,5.09
19991203,3172.37,19.32,5.09
19991206,3191.09,20.58,5.09
19991207,3205.08,21.09,5.07
19991208,3164.08,21.25,5.06
19991209,3167.52,21.19,5.1
19991210,3203.28,21.48,5.12
19991213,3242.37,21.72,5.21
19991214,3167.29,23.06,5.21
19991215,3239.18,22.03,5.18
19991216,3332.31,21.91,5.22
19991217,3359.86,21.35,5.28
19991220,3390.01,23.78,5.38
19991221,3528.53,22.66,5.42
19991222,3562.29,22.43,5.38
19991223,3590.28,21.12,5.3
19991227,3598.51,23.07,5.28
19991228,3579.95,22.97,5.26
19991229,3689.68,23.09,5.09
19991230,3683.67,24.76,5.01
19991231,3707.83,24.64,5.17
20000103,3790.55,24.21,5.27
20000104,3546.2,27.01,5.27
20000105,3507.31,26.41,5.27
20000106,3340.81,25.73,5.24
20000107,3529.6,21.72,5.22
20000110,3717.41,21.71,5.23
20000111,3544.35,22.5,5.27
20000112,3478.14,22.84,5.28
20000113,3612.08,21.71,5.22
20000114,3704.74,19.66,5.25
20000118,3757.78,21.5,5.23
20000119,3790.89,21.72,5.35
20000120,3841.74,21.75,5.3
20000121,3849.96,20.82,5.3
20000124,3660.96,24.07,5.33
20000125,3759.11,23.02,5.4
20000126,3621.21,23.03,5.41
20000127,3593.15,23.54,5.41
20000128,3446.13,26.14,5.47
20000131,3570.05,24.95,5.53
20000201,3701.78,23.45,5.55
20000202,3724.46,23.12,5.5
20000203,3851.16,22.01,5.43
20000204,3874.37,21.54,5.49
20000207,3933.34,22.79,5.47
20000208,4062.77,21.25,5.52
20000209,3968.46,22.9,5.49
20000210,4090.0,23.07,5.5
20000211,3968.89,24.42,5.48
20000214,3986.13,24.38,5.46
20000215,3997.03,22.92,5.58
20000216,3997.97,23.51,5.55
20000217,4125.38,23.17,5.57
20000218,3965.75,26.0,5.57
20000222,3969.13,25.86,5.6
20000223,4170.09,23.89,5.64
20000224,4253.05,24.38,5.64
20000225,4178.58,25.2,5.62
20000228,4162.13,24.68,5.66
20000229,4266.94,23.37,5.64
20000301,4309.01,21.64,5.6
20000302,4234.26,21.06,5.59
20000303,4442.87,19.21,5.63
20000306,4457.18,21.5,5.65
20000307,4390.83,24.31,5.65
20000308,4445.68,23.82,5.67
20000309,4586.26,22.21,5.66
20000310,4587.16,21.24,5.68
20000313,4426.8,22.85,5.71
20000314,4226.99,24.41,5.71
20000315,4130.01,22.34,5.69
20000316,4353.33,20.77,5.7
20000317,4440.45,22.37,5.7
20000320,4261.15,22.96,5.73
20000321,4449.33,21.7,5.74
20000322,4596.81,21.49,5.74
20000323,4660.62,22.26,5.73
20000324,4691.61,23.31,5.72
20000327,4704.73,24.53,5.68
20000328,4583.39,24.86,5.71
20000329,4413.92,24.1,5.72
20000330,4250.19,25.47,5.71
20000331,4397.84,24.11,5.72
20000403,4077.02,24.03,5.69
20000404,4034.17,27.12,5.67
20000405,4030.26,28.41,5.7
20000406,4086.73,27.15,5.71
20000407,4291.53,24.39,5.71
20000410,3998.26,25.99,5.69
20000411,3909.21,27.25,5.67
20000412,3633.63,28.98,5.67
20000413,3553.81,29.4,5.64
20000414,3207.96,33.49,5.64
20000417,3529.45,28.95,5.64
20000418,3715.81,26.12,5.64
20000419,3583.07,27.02,5.64
20000420,3505.29,25.85,5.62
20000424,3353.53,27.37,5.6
20000425,3621.56,25.24,5.63
20000426,3505.71,26.97,5.59
20000427,3692.57,26.19,5.58
20000428,3773.18,26.2,5.65
20000501,3829.84,25.88,5.67
20000502,3627.31,28.5,5.74
20000503,3562.16,31.63,5.74
20000504,3570.73,30.77,5.72
20000505,3688.36,27.53,5.79
20000508,3521.6,28.2,5.89
20000509,3445.26,28.93,5.96
20000510,3244.73,29.87,5.93
20000511,3381.57,27.76,5.91
20000512,3406.25,26.05,5.96
20000515,3512.11,24.86,5.93
20000516,3646.89,24.34,6.01
20000517,3550.5,23.98,5.91
20000518,3426.35,23.96,5.73
20000519,3260.64,25.44,5.7
20000522,3264.71,26.0,5.7
20000523,3023.42,25.87,5.78
20000524,3180.31,24.32,5.74
20000525,3099.28,24.58,5.66
20000526,3101.44,24.47,5.65
20000530,3414.03,23.62,5.6
20000531,3324.08,23.65,5.49
20000601,3518.98,22.36,5.56
20000602,3755.67,21.48,5.7
20000605,3730.31,22.71,5.71
20000606,3646.32,23.05,5.82
20000607,3736.01,22.48,5.75
20000608,3707.31,22.77,5.75
20000609,3760.26,22.14,5.75
20000612,3638.42,22.32,5.67
20000613,3765.81,21.67,5.72
20000614,3677.49,21.48,5.66
20000615,3752.01,20.68,5.65
20000616,3787.36,20.5,5.64
20000619,3933.7,20.63,5.64
20000620,3933.83,20.88,5.62
20000621,3970.0,20.61,5.64
20000622,3804.11,22.0,5.66
20000623,3685.3,22.34,5.69
20000626,3771.45,22.45,5.65
20000627,3699.0,21.8,5.65
20000628,3771.06,20.29,5.64
20000629,3665.83,19.7,5.67
20000630,3763.79,19.54,5.7
20000703,3804.78,19.83,5.87
20000705,3649.8,21.16,5.81
20000706,3793.48,20.94,5.84
20000707,3841.27,19.22,5.85
20000710,3772.2,20.33,5.88
20000711,3744.53,20.11,5.92
20000712,3901.12,20.03,5.99
20000713,3956.67,20.03,5.98
20000714,4041.15,19.32,5.97
20000717,4061.88,19.45,5.96
20000718,3960.96,19.75,5.97
20000719,3843.98,19.65,5.98
20000720,3995.46,18.94,6.0
20000721,3908.75,18.94,5.94
20000724,3790.62,19.92,5.97
20000725,3865.39,19.39,6.01
20000726,3818.31,19.67,5.99
20000727,3681.63,19.6,6.02
20000728,3477.31,20.84,6.0
20000731,3609.35,20.74,6.02
20000801,3521.15,20.55,6.06
20000802,3490.34,20.0,6.05
20000803,3623.5,19.99,6.04
20000804,3618.63,18.62,6.04
20000807,3710.39,19.03,6.04
20000808,3686.37,18.79,6.07
20000809,3693.04,19.18,6.05
20000810,3595.19,19.19,6.06
20000811,3644.61,18.55,6.09
20000814,3719.61,17.88,6.08
20000815,3722.62,17.98,6.08
20000816,3721.25,18.02,6.08
20000817,3830.59,17.48,6.07
20000818,3807.51,17.05,6.07
20000821,3827.62,17.35,6.08
20000822,3827.89,17.47,6.08
20000823,3896.92,17.38,6.09
20000824,3949.57,17.04,6.09
20000825,3931.25,16.53,6.11
20000828,3954.24,16.54,6.13
20000829,3951.94,16.89,6.12
20000830,3968.73,17.69,6.12
20000831,4077.59,16.84,6.11
20000901,4099.3,17.53,6.08
20000905,3987.03,19.82,6.06
20000906,3837.62,20.79,6.01
20000907,3953.36,19.42,6.0
20000908,3813.44,18.46,5.96
20000911,3706.74,18.4,5.94
20000912,3666.87,18.59,5.91
20000913,3741.75,18.32,5.91
20000914,3737.42,18.26,5.95
20000915,3676.33,18.52,5.96
20000918,3585.52,20.25,5.95
20000919,3756.4,19.54,5.97
20000920,3790.45,19.93,5.97
20000921,3718.15,20.18,5.96
20000922,3701.18,20.74,5.97
20000925,3622.1,21.41,5.98
20000926,3582.59,21.88,5.98
20000927,3571.9,21.67,6.01
20000928,3725.15,19.47,6.05
20000929,3570.61,20.57,6.03
20001002,3457.97,21.23,6.01
20001003,3353.34,21.85,6.05
20001004,3453.36,21.54,6.04
20001005,3424.32,21.03,6.05
20001006,3311.94,22.71,6.05
20001009,3318.9,24.02,6.05
20001010,3188.29,24.86,6.04
20001011,3100.53,26.57,6.04
20001012,3004.45,30.51,6.0
20001013,3277.77,27.6,6.0
20001016,3249.46,26.79,6.04
20001017,3172.19,27.84,6.09
20001018,3139.31,28.72,6.12
20001019,3402.95,25.09,6.12
20001020,3456.61,24.24,6.12
20001023,3422.0,24.69,6.15
20001024,3353.26,24.28,6.16
20001025,3107.61,26.65,6.18
20001026,3167.14,28.62,6.16
20001027,3175.25,26.47,6.15
20001030,3081.07,25.46,6.18
20001031,3282.3,23.63,6.15
20001101,3225.27,24.28,6.17
20001102,3308.48,23.92,6.17
20001103,3321.91,23.67,6.19
20001106,3290.47,24.52,6.22
20001107,3279.57,24.91,6.22
20001108,3059.09,25.66,6.21
20001109,3057.06,27.2,6.18
20001110,2890.26,28.53,6.17
20001113,2836.62,29.06,6.17
20001114,3039.5,26.81,6.15
20001115,3076.7,26.15,6.17
20001116,2925.16,25.05,6.15
20001117,2934.81,24.81,6.15
20001120,2792.41,27.43,6.16
20001121,2786.53,26.62,6.17
20001122,2668.25,27.71,6.17
20001124,2830.09,26.0,6.17
20001127,2769.32,26.93,6.13
20001128,2621.11,27.64,6.1
20001129,2602.85,27.49,6.05
20001130,2506.54,29.65,6.01
20001201,2549.74,27.48,6.04
20001204,2554.4,27.78,5.98
20001205,2852.87,24.99,5.9
20001206,2743.7,25.07,5.9
20001207,2719.91,25.34,5.92
20001208,2895.39,22.41,5.9
20001211,2972.91,23.51,5.89
20001212,2863.21,24.88,5.89
20001213,2748.88,23.63,5.43
20001214,2639.26,24.86,5.87
20001215,2543.09,26.55,5.83
20001218,2543.09,27.7,5.78
20001219,2399.63,27.17,5.75
20001220,2210.32,31.74,5.67
20001221,2224.84,29.66,5.22
20001222,2436.26,27.55,5.12
20001226,2404.6,28.73,5.59
20001227,2460.21,28.14,5.6
20001228,2464.62,26.57,5.7
20001229,2341.7,26.85,5.73
20010102,2128.78,29.99,5.68
20010103,2528.38,26.6,5.53
20010104,2460.04,26.97,5.24
20010105,2267.85,28.67,4.97
20010108,2281.54,29.84,5.05
20010109,2311.4,27.99,5.09
20010110,2413.71,26.8,5.14
20010111,2524.29,25.79,5.16
20010112,2506.05,24.56,5.13
20010116,2470.72,25.28,5.21
20010117,2558.67,24.93,5.22
20010118,2670.47,23.37,5.14
20010119,2655.77,23.24,5.09
20010122,2643.13,23.25,5.1
20010123,2730.05,21.57,5.09
20010124,2726.45,22.03,5.13
20010125,2595.85,22.64,5.12
20010126,2631.78,22.57,5.03
20010129,2694.53,22.61,4.98
20010130,2686.14,22.57,4.88
20010131,2593.0,22.02,4.84
20010201,2607.16,21.66,4.85
20010202,2472.18,21.95,4.92
20010205,2467.3,22.19,4.95
20010206,2473.24,21.98,4.93
20010207,2409.66,21.67,4.93
20010208,2355.67,21.46,4.94
20010209,2261.77,22.03,4.91
20010212,2286.76,21.92,4.92
20010213,2208.4,21.37,4.91
20010214,2305.82,21.52,4.93
20010215,2371.04,20.27,4.94
20010216,2212.51,22.12,4.88
20010220,2095.11,24.69,4.91
20010221,2058.54,25.75,4.88
20010222,2032.42,26.76,4.87
20010223,2056.06,27.21,4.75
20010226,2097.64,25.43,4.7
20010227,1964.52,26.49,4.68
20010228,1908.32,28.35,4.72
20010301,1968.02,28.08,4.7
20010302,1881.34,27.43,4.71
20010305,1916.68,27.12,4.72
20010306,1976.31,25.89,4.65
20010307,1996.23,24.12,4.56
20010308,1938.15,24.29,4.55
20010309,1813.02,25.62,4.6
20010312,1680.64,30.32,4.54
20010313,1789.7,27.55,4.51
20010314,1745.13,29.61,4.42
20010315,1697.92,28.56,4.38
20010316,1647.51,29.91,4.41
20010319,1730.46,29.78,4.44
20010320,1614.47,30.96,4.38
20010321,1605.04,31.93,4.19
20010322,1701.9,32.84,4.15
20010323,1705.02,30.45,4.17
20010326,1676.9,29.04,4.15
20010327,1735.63,27.04,4.24
20010328,1602.22,28.58,4.23
20010329,1563.14,29.17,4.22
20010330,1573.25,28.64,4.18
20010402,1516.58,31.21,4.15
20010403,1399.05,34.72,4.04
20010404,1370.75,34.07,4.0
20010405,1519.05,29.94,3.99
20010406,1448.16,31.69,3.84
20010409,1481.22,31.91,3.83
20010410,1597.87,29.44,3.83
20010411,1647.36,28.46,3.98
20010412,1714.29,26.12,3.9
20010416,1650.21,26.33,4.03
20010417,1671.51,25.61,4.0
20010418,1830.79,24.13,3.8
20010419,1953.28,24.16,3.76
20010420,1933.57,25.38,3.67
20010423,1811.89,28.16,3.63
20010424,1762.21,28.49,3.69
20010425,1814.33,27.4,3.74
20010426,1763.33,25.96,3.73
20010427,1810.47,24.02,3.74
20010430,1855.15,25.48,3.83
20010501,1919.01,24.2,3.81
20010502,1962.42,24.23,3.79
20010503,1877.8,25.78,3.75
20010504,1924.12,23.91,3.64
20010507,1895.41,24.86,3.62
20010508,1929.24,24.44,3.59
20010509,1876.6,24.35,3.63
20010510,1838.32,24.0,3.62
20010511,1821.2,23.54,3.68
20010514,1795.06,24.26,3.61
20010515,1797.08,23.71,3.54
20010516,1899.47,21.89,3.48
20010517,1925.14,21.47,3.48
20010518,1927.69,21.23,3.51
20010521,2052.57,20.76,3.54
20010522,2042.93,21.35,3.56
20010523,1957.56,22.08,3.56
20010524,2003.37,20.57,3.6
20010525,1960.74,20.6,3.57
20010529,1873.53,22.14,3.6
20010530,1779.0,22.76,3.59
20010531,1799.89,22.64,3.54
20010601,1840.83,21.59,3.54
20010604,1838.84,21.38,3.59
20010605,1923.9,19.58,3.53
20010606,1903.84,20.39,3.53
20010607,1963.31,19.67,3.52
20010608,1896.22,19.92,3.53
20010611,1846.5,20.7,3.51
20010612,1852.03,20.7,3.47
20010613,1790.21,21.45,3.46
20010614,1711.39,23.12,3.44
20010615,1701.53,22.81,3.43
20010618,1666.49,23.17,3.4
20010619,1675.9,22.34,3.41
20010620,1721.56,21.71,3.41
20010621,1751.22,19.38,3.42
20010622,1727.47,20.02,3.36
20010625,1743.9,20.67,3.36
20010626,1751.62,21.2,3.41
20010627,1756.02,20.88,3.41
20010628,1808.94,20.01,3.55
20010629,1830.19,19.06,3.56
20010702,1830.19,18.76,3.56
20010703,1822.16,18.92,3.57
20010705,1751.0,20.09,3.56
20010706,1668.59,21.63,3.52
20010709,1697.05,22.48,3.55
20010710,1624.95,23.25,3.53
20010711,1641.56,24.01,3.49
20010712,1750.13,22.09,3.51
20010713,1751.11,21.14,3.52
20010716,1685.74,22.91,3.54
20010717,1729.55,22.61,3.51
20010718,1666.87,23.6,3.44
20010719,1695.89,22.51,3.45
20010720,1676.46,22.34,3.44
20010723,1629.93,23.74,3.46
20010724,1604.86,25.24,3.47
20010725,1627.86,24.0,3.46
20010726,1673.39,23.01,3.48
20010727,1683.18,22.0,3.46
20010730,1670.03,22.69,3.47
20010731,1683.61,21.62,3.44
20010801,1729.53,20.56,3.43
20010802,1751.45,20.09,3.43
20010803,1725.9,19.89,3.43
20010806,1702.84,21.89,3.43
20010807,1696.37,21.01,3.42
20010808,1626.2,22.32,3.4
20010809,1628.92,21.75,3.37
20010810,1617.45,20.55,3.35
20010813,1653.27,20.42,3.35
20010814,1629.95,20.48,3.35
20010815,1572.03,20.91,3.34
20010816,1581.98,21.54,3.31
20010817,1516.58,23.84,3.29
20010820,1535.99,22.87,3.34
20010821,1480.74,24.4,3.3
20010822,1515.41,22.44,3.3
20010823,1496.98,22.23,3.31
20010824,1579.62,19.71,3.33
20010827,1578.33,20.56,3.35
20010828,1526.3,22.0,3.33
20010829,1499.76,23.03,3.33
20010830,1453.9,25.41,3.28
20010831,1469.7,24.92,3.28
20010904,1424.12,25.85,3.36
20010905,1415.3,26.35,3.32
20010906,1361.69,28.61,3.27
20010907,1354.27,30.99,3.18
20010910,1365.39,31.84,3.18
20010917,1252.7,41.76,2.61
20010918,1224.64,38.87,2.45
20010919,1208.23,40.56,2.41
20010920,1166.27,43.74,2.21
20010921,1126.95,42.66,2.2
20010924,1191.02,37.75,2.32
20010925,1187.77,35.81,2.34
20010926,1143.48,35.26,2.34
20010927,1144.27,34.0,2.33
20010928,1168.37,31.93,2.3
20011001,1151.24,32.32,2.3
20011002,1159.37,31.18,2.27
20011003,1249.41,31.34,2.18
20011004,1260.66,31.97,2.17
20011005,1271.73,33.39,2.15
20011008,1279.63,35.12,2.15
20011009,1244.56,34.83,2.17
20011010,1304.68,31.6,2.18
20011011,1389.87,31.5,2.22
20011012,1393.84,35.27,2.19
20011015,1378.92,35.31,2.21
20011016,1404.81,32.88,2.16
20011017,1314.8,35.08,2.17
20011018,1330.33,34.95,2.15
20011019,1347.59,34.11,2.15
20011022,1383.07,32.25,2.18
20011023,1384.06,32.0,2.15
20011024,1424.69,30.95,2.12
20011025,1479.05,29.46,2.1
20011026,1454.9,28.42,2.1
20011029,1374.58,31.64,2.06
20011030,1342.26,33.46,1.99
20011031,1364.78,33.56,2.01
20011101,1424.15,32.31,2.01
20011102,1425.78,30.71,1.95
20011105,1480.21,30.5,1.97
20011106,1523.09,28.8,1.82
20011107,1524.67,29.13,1.76
20011108,1510.6,28.62,1.81
20011109,1514.96,27.44,1.8
20011112,1528.75,29.35,1.8
20011113,1580.76,26.47,1.8
20011114,1585.89,26.56,1.84
20011115,1582.58,25.56,1.87
20011116,1582.14,25.07,1.89
20011119,1617.58,24.46,1.9
20011120,1549.7,24.12,1.9
20011121,1552.01,24.19,1.91
20011123,1577.47,23.25,1.93
20011126,1619.65,23.79,1.94
20011127,1609.87,24.0,1.86
20011128,1557.03,25.9,1.83
20011129,1599.3,25.18,1.76
20011130,1596.05,23.84,1.73
20011203,1567.54,25.77,1.74
20011204,1634.27,24.08,1.71
20011205,1720.91,23.02,1.73
20011206,1717.97,23.71,1.71
20011207,1673.9,23.49,1.65
20011210,1645.36,25.62,1.68
20011211,1661.27,25.3,1.61
20011212,1669.95,24.87,1.64
20011213,1601.91,25.91,1.66
20011214,1605.67,24.63,1.68
20011217,1640.34,24.26,1.71
20011218,1657.68,23.29,1.68
20011219,1628.69,22.58,1.67
20011220,1557.36,23.67,1.64
20011221,1578.27,22.5,1.66
20011224,1577.31,22.62,1.69
20011226,1590.84,22.29,1.71
20011227,1606.48,21.59,1.7
20011228,1621.13,21.4,1.68
20011231,1577.05,23.8,1.67
20020102,1610.39,22.71,1.7
20020103,1666.66,21.34,1.69
20020104,1675.03,20.45,1.68
20020107,1649.83,21.94,1.66
20020108,1666.58,21.83,1.65
20020109,1653.76,22.13,1.65
20020110,1656.68,22.36,1.65
20020111,1634.17,22.6,1.59
20020114,1603.76,23.58,1.54
20020115,1612.46,22.7,1.56
20020116,1558.98,23.45,1.57
20020117,1602.32,22.25,1.6
20020118,1548.22,22.52,1.58
20020122,1501.78,23.61,1.64
20020123,1549.21,21.88,1.67
20020124,1565.13,21.15,1.67
20020125,1558.26,21.01,1.68
20020128,1564.86,21.14,1.69
20020129,1519.33,24.35,1.7
20020130,1538.94,23.22,1.69
20020131,1550.17,21.09,1.72
20020201,1528.15,21.12,1.71
20020204,1479.17,24.87,1.72
20020205,1462.86,25.45,1.72
20020206,1445.96,26.09,1.7
20020207,1413.86,25.11,1.69
20020208,1452.17,23.26,1.67
20020211,1477.64,21.78,1.7
20020212,1464.76,21.62,1.71
20020213,1486.75,20.85,1.71
20020214,1474.71,21.77,1.71
20020215,1436.7,22.37,1.7
20020219,1387.27,24.43,1.7
20020220,1408.26,22.66,1.72
20020221,1348.25,23.8,1.72
20020222,1356.16,22.86,1.72
20020225,1407.99,21.84,1.73
20020226,1401.19,21.68,1.73
20020227,1378.48,21.49,1.73
20020228,1359.22,21.59,1.72
20020301,1435.41,19.96,1.75
20020304,1494.7,20.5,1.75
20020305,1498.95,20.3,1.75
20020306,1519.95,19.94,1.74
20020307,1506.81,20.04,1.75
20020308,1555.11,19.27,1.77
20020311,1553.8,19.84,1.79
20020312,1520.54,19.59,1.8
20020313,1486.27,19.46,1.79
20020314,1477.19,19.2,1.81
20020315,1495.41,18.42,1.82
20020318,1505.89,18.93,1.82
20020319,1504.67,18.16,1.8
20020320,1451.02,18.46,1.81
20020321,1488.97,18.15,1.81
20020322,1470.1,17.77,1.8
20020325,1427.6,18.48,1.78
20020326,1439.55,18.13,1.79
20020327,1436.51,17.7,1.78
20020328,1452.81,17.4,1.74
20020401,1478.52,18.73,1.76
20020402,1410.41,19.16,1.76
20020403,1394.21,20.2,1.75
20020404,1396.97,19.78,1.74
20020405,1376.72,19.13,1.72
20020408,1392.96,19.61,1.71
20020409,1345.32,19.47,1.69
20020410,1363.29,18.19,1.67
20020411,1324.65,20.3,1.67
20020412,1351.85,19.42,1.67
20020415,1355.09,19.82,1.67
20020416,1413.93,18.11,1.7
20020417,1403.71,18.43,1.69
20020418,1395.9,19.29,1.67
20020419,1385.01,18.3,1.7
20020422,1349.83,19.77,1.68
20020423,1322.81,20.28,1.7
20020424,1302.32,20.77,1.68
20020425,1302.32,20.95,1.7
20020426,1250.89,22.14,1.7
20020429,1246.75,24.05,1.72
20020430,1277.07,21.91,1.73
20020501,1267.44,20.06,1.72
20020502,1225.37,20.07,1.73
20020503,1190.74,20.19,1.72
20020506,1161.16,22.56,1.73
20020507,1159.25,21.94,1.71
20020508,1282.41,20.39,1.73
20020509,1240.41,21.56,1.73
20020510,1188.78,22.41,1.73
20020513,1241.54,20.72,1.73
20020514,1305.55,19.35,1.74
20020515,1311.05,19.19,1.73
20020516,1315.85,18.5,1.74
20020517,1325.8,17.7,1.72
20020520,1292.21,19.24,1.71
20020521,1255.91,20.05,1.701
20020522,1264.51,19.58,1.697
20020523,1286.77,18.23,1.704
20020524,1253.03,18.9,1.707
20020528,1244.82,20.31,1.722
20020529,1218.68,20.39,1.717
20020530,1227.9,20.61,1.713
20020531,1208.34,19.98,1.705
20020603,1159.15,23.37,1.715
20020604,1178.8,23.89,1.715
20020605,1195.6,22.61,1.718
20020606,1157.62,24.16,1.705
20020607,1140.24,23.51,1.707
20020610,1135.62,23.72,1.711
20020611,1100.97,24.45,1.714
20020612,1123.34,24.15,1.702
20020613,1106.54,25.02,1.685
20020614,1109.6,25.96,1.675
20020617,1149.91,24.64,1.69
20020618,1138.47,24.24,1.692
20020619,1097.54,26.06,1.67
20020620,1062.45,27.48,1.69
20020621,1035.63,27.23,1.678
20020624,1057.68,26.98,1.692
20020625,1022.74,27.84,1.69
20020626,1027.22,28.42,1.662
20020627,1050.64,26.29,1.66
20020628,1051.41,25.4,1.659
20020701,998.17,27.11,1.677
20020702,963.66,28.96,1.682
20020703,995.68,29.42,1.682
20020705,1060.89,27.11,1.685
20020708,1014.33,28.25,1.69
20020709,990.23,30.22,1.683
20020710,959.05,34.1,1.687
20020711,998.03,33.85,1.682
20020712,1000.82,32.94,1.672
20020715,1021.02,35.03,1.675
20020716,1011.3,36.65,1.675
20020717,1028.74,35.45,1.69
20020718,994.61,35.12,1.69
20020719,965.37,38.17,1.672
20020722,939.1,41.87,1.67
20020723,896.82,44.92,1.662
20020724,951.58,39.86,1.643
20020725,894.45,39.27,1.66
20020726,910.91,35.51,1.647
20020729,970.13,31.33,1.677
20020730,980.36,31.92,1.682
20020731,962.1,32.03,1.665
20020801,913.59,36.95,1.642
20020802,892.51,41.29,1.592
20020805,857.08,45.08,1.602
20020806,901.91,42.03,1.612
20020807,919.08,38.73,1.558
20020808,947.24,36.33,1.578
20020809,937.33,35.33,1.575
20020812,938.98,37.05,1.633
20020813,907.62,35.82,1.597
20020814,968.84,32.36,1.602
20020815,980.98,29.43,1.582
20020816,996.06,28.81,1.585
20020819,1026.06,28.61,1.625
20020820,1008.02,29.59,1.575
20020821,1035.47,28.23,1.595
20020822,1049.03,27.75,1.611
20020823,1010.49,29.32,1.617
20020826,1016.79,29.89,1.625
20020827,974.47,30.11,1.642
20020828,944.83,33.32,1.637
20020829,961.75,33.67,1.64
20020830,942.38,32.64,1.645
20020903,899.64,39.97,1.605
20020904,920.98,37.44,1.592
20020905,882.92,38.86,1.577
20020906,922.22,36.33,1.622
20020909,932.23,36.45,1.637
20020910,947.72,35.08,1.631
20020911,946.4,34.81,1.655
20020912,915.01,37.5,1.652
20020913,923.83,35.82,1.65
20020916,908.48,36.74,1.657
20020917,897.53,38.01,1.657
20020918,895.2,37.52,1.642
20020919,865.93,40.65,1.617
20020920,871.6,38.98,1.612
20020923,843.08,39.68,1.617
20020924,843.61,40.52,1.614
20020925,880.44,37.33,1.622
20020926,873.74,34.6,1.617
20020927,860.35,36.97,1.597
20020930,832.52,39.69,1.527
20021001,870.63,34.12,1.552
20021002,849.55,36.83,1.54
20021003,833.21,37.31,1.53
20021004,815.4,39.46,1.567
20021007,804.64,42.64,1.582
20021008,811.5,41.02,1.572
20021009,807.42,42.13,1.528
20021010,849.57,37.55,1.538
20021011,890.61,35.7,1.546
20021014,900.75,36.04,1.545
20021015,950.42,34.02,1.625
20021016,910.13,36.0,1.62
20021017,945.06,34.1,1.627
20021018,956.13,33.53,1.632
20021021,979.35,33.11,1.662
20021022,963.87,34.09,1.657
20021023,989.32,33.2,1.642
20021024,964.91,34.03,1.622
20021025,995.55,30.0,1.602
20021028,979.55,31.07,1.552
20021029,960.82,32.27,1.472
20021030,986.09,31.23,1.468
20021031,989.54,31.14,1.417
20021101,1019.06,29.3,1.397
20021104,1046.99,30.82,1.407
20021105,1050.39,31.23,1.395
20021106,1065.86,30.73,1.207
20021107,1025.79,31.42,1.195
20021108,1008.35,29.41,1.197
20021111,972.48,31.3,1.197
20021112,1001.94,30.58,1.19
20021113,1011.94,31.24,1.187
20021114,1057.83,28.67,1.191
20021115,1061.28,26.65,1.197
20021118,1045.19,27.66,1.202
20021119,1025.96,27.41,1.19
20021120,1070.53,25.32,1.196
20021121,1118.14,23.81,1.197
20021122,1116.01,23.16,1.198
20021125,1127.06,24.07,1.202
20021126,1087.49,25.97,1.202
20021127,1125.67,27.25,1.207
20021129,1116.1,27.5,1.202
20021202,1120.49,27.46,1.205
20021203,1088.8,28.33,1.2
20021204,1069.44,28.92,1.197
20021205,1053.06,30.1,1.187
20021206,1065.97,28.88,1.183
20021209,1014.84,30.78,1.197
20021210,1033.07,28.76,1.192
20021211,1036.34,27.76,1.182
20021212,1039.95,27.29,1.185
20021213,1005.85,28.18,1.187
20021216,1042.44,26.24,1.202
20021217,1040.01,26.66,1.192
20021218,1013.67,28.29,1.182
20021219,1006.05,30.21,1.177
20021220,1013.9,26.71,1.177
20021223,1032.3,26.2,1.162
20021224,1023.29,26.49,1.165
20021226,1016.46,27.37,1.155
20021227,997.85,29.55,1.135
20021230,989.89,29.62,1.165
20021231,984.37,28.62,1.182
20030102,1027.86,25.39,1.19
20030103,1031.63,24.68,1.192
20030106,1061.48,24.91,1.182
20030107,1071.85,25.13,1.172
20030108,1042.52,25.53,1.167
20030109,1076.05,24.25,1.177
20030110,1087.36,24.32,1.172
20030113,1083.0,24.9,1.172
20030114,1094.87,24.57,1.172
20030115,1073.6,25.51,1.167
20030116,1061.46,25.01,1.165
20030117,1017.58,25.7,1.152
20030121,1008.93,27.59,1.152
20030122,1006.51,29.01,1.142
20030123,1032.67,27.53,1.142
20030124,996.18,31.51,1.127
20030127,986.41,34.69,1.142
20030128,1001.41,31.93,1.15
20030129,1016.56,31.26,1.152
20030130,985.52,31.32,1.152
20030131,983.05,31.17,1.148
20030203,987.07,31.02,1.152
20030204,971.73,32.76,1.147
20030205,968.97,33.04,1.147
20030206,970.55,33.35,1.142
20030207,957.05,34.01,1.137
20030210,969.96,33.99,1.15
20030211,971.61,33.68,1.152
20030212,956.77,34.33,1.15
20030213,951.9,33.7,1.147
20030214,982.09,32.62,1.151
20030218,1014.91,31.11,1.155
20030219,1005.88,31.31,1.157
20030220,1001.47,31.16,1.157
20030221,1015.92,30.25,1.167
20030224,994.69,31.98,1.172
20030225,999.28,31.74,1.175
20030226,974.49,31.94,1.182
20030227,994.8,30.53,1.182
20030228,1009.74,29.63,1.175
20030303,991.07,30.43,1.172
20030304,982.98,31.83,1.165
20030305,990.23,30.38,1.152
20030306,983.96,31.37,1.147
20030307,986.82,31.08,1.097
20030310,964.29,33.31,1.06
20030311,958.82,33.61,1.062
20030312,970.54,33.51,1.067
20030313,1029.79,31.76,1.102
20030314,1030.45,30.98,1.103
20030317,1077.01,31.75,1.117
20030318,1082.19,30.43,1.125
20030319,1074.97,31.54,1.135
20030320,1080.24,30.44,1.137
20030321,1093.12,28.67,1.157
20030324,1047.1,30.39,1.155
20030325,1066.57,28.75,1.152
20030326,1066.3,28.23,1.149
20030327,1061.93,27.96,1.132
20030328,1046.72,27.75,1.111
20030331,1018.66,29.15,1.09
20030401,1022.63,28.36,1.095
20030402,1063.46,28.02,1.102
20030403,1064.06,28.21,1.087
20030404,1050.7,29.13,1.082
20030407,1053.28,28.45,1.132
20030408,1046.3,27.13,1.127
20030409,1023.52,27.11,1.11
20030410,1033.14,25.6,1.117
20030411,1026.15,24.44,1.147
20030414,1048.31,23.41,1.157
20030415,1053.08,22.56,1.16
20030416,1054.89,22.52,1.147
20030417,1083.56,21.5,1.147
20030421,1081.04,21.95,1.152
20030422,1102.44,20.7,1.152
20030423,1112.93,20.8,1.147
20030424,1108.12,20.33,1.129
20030425,1083.19,20.8,1.117
20030428,1107.13,20.84,1.112
20030429,1116.79,20.76,1.117
20030430,1106.06,21.21,1.101
20030501,1113.21,21.59,1.077
20030502,1136.35,20.63,1.096
20030505,1136.26,21.13,1.092
20030506,1152.78,20.8,1.08
20030507,1135.85,21.0,1.087
20030508,1118.76,21.24,1.067
20030509,1143.55,19.69,1.082
20030512,1160.42,19.52,1.067
20030513,1155.97,19.91,1.062
20030514,1148.14,20.0,1.037
20030515,1162.93,19.24,1.03
20030516,1154.48,18.4,1.022
20030519,1112.49,20.51,1.017
20030520,1112.85,21.29,1.0
20030521,1113.68,21.21,1.047
20030522,1131.45,19.78,1.05
20030523,1130.05,19.17,1.055
20030527,1172.58,19.99,1.063
20030528,1173.31,20.03,1.087
20030529,1181.82,20.43,1.075
20030530,1197.89,19.47,1.085
20030602,1185.13,20.85,1.102
20030603,1198.57,20.84,1.062
20030604,1224.76,20.62,1.022
20030605,1231.72,20.83,1.017
20030606,1213.11,21.25,1.027
20030609,1195.55,22.15,1.007
20030610,1212.99,20.64,0.957
20030611,1228.24,20.21,0.91
20030612,1229.32,20.41,0.892
20030613,1203.91,20.66,0.833
20030616,1241.58,20.22,0.837
20030617,1239.63,20.01,0.867
20030618,1247.9,19.76,0.862
20030619,1225.89,19.8,0.792
20030620,1223.4,19.14,0.807
20030623,1200.17,20.58,0.82
20030624,1191.7,20.75,0.8
20030625,1188.33,20.81,0.897
20030626,1214.58,19.4,0.875
20030627,1205.24,19.16,0.842
20030630,1201.69,19.52,0.838
20030701,1217.37,19.46,0.868
20030702,1245.75,19.03,0.847
20030703,1231.34,19.39,0.842
20030707,1281.89,20.06,0.862
20030708,1298.37,19.48,0.885
20030709,1295.16,18.93,0.87
20030710,1268.65,19.19,0.863
20030711,1280.57,18.47,0.866
20030714,1295.74,19.59,0.867
20030715,1294.47,19.55,0.888
20030716,1291.99,19.76,0.882
20030717,1255.94,20.22,0.871
20030718,1259.91,19.11,0.877
20030721,1240.78,19.78,0.887
20030722,1257.63,19.17,0.902
20030723,1268.52,18.64,0.892
20030724,1253.76,18.6,0.901
20030725,1278.31,17.75,0.902
20030728,1280.53,18.36,0.937
20030729,1275.17,18.67,0.957
20030730,1263.78,18.85,0.947
20030731,1276.94,19.49,0.927
20030801,1264.34,20.75,0.918
20030804,1267.38,21.27,0.937
20030805,1229.72,22.68,0.935
20030806,1215.13,21.5,0.922
20030807,1217.17,20.26,0.92
20030808,1207.28,19.59,0.927
20030811,1223.14,19.75,0.926
20030812,1240.7,17.94,0.927
20030813,1240.37,18.77,0.927
20030814,1251.9,18.47,0.935
20030815,1253.63,18.27,0.927
20030818,1284.81,18.18,0.937
20030819,1299.69,17.86,0.937
20030820,1299.73,17.82,0.937
20030821,1314.65,17.84,0.946
20030822,1304.54,18.55,0.951
20030825,1306.64,19.53,0.972
20030826,1309.05,19.49,0.977
20030827,1318.93,19.13,0.977
20030828,1332.33,18.48,0.962
20030829,1341.2,18.63,0.96
20030902,1361.09,19.02,0.952
20030903,1360.19,19.44,0.952
20030904,1373.26,18.71,0.942
20030905,1361.9,18.17,0.927
20030908,1386.73,18.26,0.932
20030909,1370.56,18.85,0.932
20030910,1332.28,20.01,0.932
20030911,1350.8,19.25,0.932
20030912,1357.63,18.68,0.932
20030915,1347.77,19.28,0.926
20030916,1382.82,18.03,0.927
20030917,1376.8,18.15,0.927
20030918,1400.13,17.57,0.932
20030919,1392.26,17.54,0.927
20030922,1366.32,19.65,0.922
20030923,1388.15,19.47,0.925
20030924,1339.64,21.22,0.917
20030925,1325.75,22.26,0.917
20030926,1309.31,22.23,0.917
20030929,1335.51,21.67,0.921
20030930,1303.7,22.72,0.926
20031001,1335.34,21.07,0.91
20031002,1337.1,20.8,0.912
20031003,1375.32,19.5,0.912
20031006,1381.7,19.51,0.905
20031007,1392.56,19.41,0.902
20031008,1382.4,19.18,0.877
20031009,1396.95,18.82,0.88
20031010,1404.87,18.45,0.887
20031013,1414.72,17.55,0.887
20031014,1420.66,17.37,0.887
20031015,1417.59,17.69,0.903
20031016,1426.71,17.19,0.902
20031017,1394.02,17.62,0.907
20031020,1409.31,17.04,0.912
20031021,1422.13,16.55,0.936
20031022,1387.4,17.67,0.932
20031023,1378.11,17.68,0.93
20031024,1370.61,17.71,0.927
20031027,1377.41,18.05,0.941
20031028,1420.02,16.82,0.945
20031029,1419.92,16.43,0.937
20031030,1417.38,16.33,0.932
20031031,1416.39,16.1,0.932
20031103,1443.13,16.55,0.921
20031104,1429.38,16.55,0.928
20031105,1429.56,16.86,0.933
20031106,1440.08,16.74,0.927
20031107,1436.73,16.93,0.932
20031110,1414.62,17.62,0.922
20031111,1409.64,17.54,0.922
20031112,1443.52,16.75,0.928
20031113,1439.87,16.47,0.927
20031114,1407.51,16.94,0.927
20031117,1393.75,18.6,0.928
20031118,1364.7,19.11,0.936
20031119,1378.9,18.8,0.927
20031120,1363.49,19.48,0.922
20031121,1373.32,18.98,0.912
20031124,1419.31,17.44,0.917
20031125,1411.36,16.71,0.92
20031126,1420.11,16.23,0.912
20031128,1424.25,16.32,0.908
20031201,1447.08,16.77,0.897
20031202,1431.89,16.27,0.917
20031203,1419.77,16.63,0.912
20031204,1432.38,16.3,0.901
20031205,1406.91,17.09,0.895
20031208,1418.05,16.54,0.892
20031209,1383.66,17.63,0.892
20031210,1388.96,17.87,0.887
20031211,1416.96,16.73,0.872
20031212,1417.27,16.41,0.877
20031215,1396.82,17.23,0.88
20031216,1403.28,15.93,0.878
20031217,1400.0,15.58,0.872
20031218,1431.31,16.16,0.863
20031219,1426.17,16.42,0.858
20031222,1431.71,16.94,0.861
20031223,1448.17,16.49,0.882
20031224,1443.19,16.66,0.872
20031226,1443.86,17.45,0.847
20031229,1470.37,17.09,0.857
20031230,1470.01,17.68,0.912
20031231,1467.92,18.31,0.907
20040102,1463.57,18.22,0.902
20040105,1496.58,17.49,0.902
20040106,1501.26,16.73,0.901
20040107,1514.26,15.5,0.886
20040108,1530.65,15.61,0.847
20040109,1520.46,16.75,0.842
20040112,1539.77,16.82,0.847
20040113,1524.78,18.04,0.862
20040114,1534.08,16.75,0.858
20040115,1532.01,15.56,0.852
20040116,1553.62,15.0,0.862
20040120,1552.87,15.21,0.857
20040121,1546.6,14.34,0.867
20040122,1530.42,14.71,0.852
20040123,1531.21,14.84,0.867
20040126,1553.66,14.55,0.882
20040127,1519.23,15.35,0.897
20040128,1491.57,16.78,0.917
20040129,1496.4,17.14,0.917
20040130,1493.08,16.63,0.897
20040202,1487.84,17.11,0.902
20040203,1491.85,17.34,0.912
20040204,1462.61,17.87,0.912
20040205,1465.03,17.71,0.911
20040206,1498.95,16.0,0.907
20040209,1490.91,16.39,0.912
20040210,1500.29,15.94,0.921
20040211,1514.18,15.39,0.91
20040212,1501.34,15.31,0.898
20040213,1484.47,15.58,0.897
20040217,1506.57,15.4,0.897
20040218,1507.49,15.59,0.912
20040219,1484.8,15.8,0.912
20040220,1482.1,16.04,0.916
20040223,1463.75,16.29,0.927
20040224,1462.05,15.9,0.938
20040225,1470.22,14.93,0.938
20040226,1477.13,14.83,0.932
20040227,1470.38,14.55,0.927
20040301,1489.49,14.44,0.936
20040302,1473.22,14.86,0.942
20040303,1466.09,14.55,0.942
20040304,1481.36,14.4,0.941
20040305,1472.99,14.48,0.931
20040308,1441.12,15.79,0.927
20040309,1437.47,16.6,0.932
20040310,1417.5,18.67,0.937
20040311,1402.2,20.67,0.937
20040312,1431.4,18.3,0.932
20040315,1399.87,21.13,0.932
20040316,1407.07,20.34,0.938
20040317,1428.89,18.11,0.918
20040318,1417.77,18.53,0.917
20040319,1398.58,19.15,0.917
20040322,1381.39,21.58,0.923
20040323,1370.04,20.67,0.923
20040324,1381.86,19.81,0.918
20040325,1425.86,17.88,0.917
20040326,1415.39,17.33,0.922
20040329,1442.31,16.5,0.923
20040330,1445.25,16.28,0.933
20040331,1438.41,16.74,0.923
20040401,1453.22,16.65,0.916
20040402,1490.3,15.64,0.927
20040405,1508.37,14.97,0.912
20040406,1493.58,15.32,0.918
20040407,1481.96,15.76,0.918
20040408,1485.51,16.26,0.913
20040412,1495.93,15.28,0.912
20040413,1472.88,17.26,0.922
20040414,1475.66,15.62,0.934
20040415,1459.45,15.74,0.927
20040416,1449.06,14.94,0.917
20040419,1473.48,15.42,0.922
20040420,1436.9,16.67,0.947
20040421,1451.01,15.6,0.967
20040422,1485.5,14.61,0.937
20040423,1497.01,14.01,0.952
20040426,1480.53,14.77,0.943
20040427,1479.47,15.07,0.962
20040428,1453.03,16.29,0.948
20040429,1431.36,16.6,0.949
20040430,1401.36,17.19,0.952
20040503,1415.29,16.62,0.959
20040504,1422.11,16.55,0.986
20040505,1428.42,15.77,0.967
20040506,1415.6,17.05,0.971
20040507,1406.19,18.13,1.037
20040510,1397.1,19.77,1.027
20040511,1421.89,18.57,1.031
20040512,1414.83,18.14,1.007
20040513,1417.09,18.86,0.98
20040514,1399.85,18.47,0.969
20040517,1379.9,19.96,0.977
20040518,1397.47,19.33,1.027
20040519,1396.34,18.93,1.016
20040520,1396.87,18.67,1.004
20040521,1408.17,18.49,1.004
20040524,1413.97,18.08,1.012
20040525,1447.72,15.96,1.057
20040526,1453.87,15.97,1.052
20040527,1463.11,15.28,1.039
20040528,1466.22,15.5,1.052
20040601,1468.54,16.3,1.093
20040602,1464.22,16.08,1.142
20040603,1445.21,17.03,1.147
20040604,1455.04,16.78,1.177
20040607,1491.45,15.39,1.184
20040608,1495.97,15.01,1.242
20040609,1469.5,15.39,1.242
20040610,1481.27,15.04,1.267
20040614,1458.64,16.07,1.339
20040615,1479.2,15.05,1.312
20040616,1479.99,14.79,1.277
20040617,1464.03,15.15,1.242
20040618,1464.65,14.99,1.247
20040621,1453.23,15.26,1.238
20040622,1474.87,14.31,1.293
20040623,1493.52,13.98,1.257
20040624,1488.31,14.81,1.254
20040625,1498.38,15.19,1.272
20040628,1493.07,16.07,1.282
20040629,1505.65,15.47,1.352
20040630,1516.64,14.34,1.303
20040701,1489.57,15.2,1.197
20040702,1481.19,15.08,1.263
20040706,1445.71,16.25,1.254
20040707,1452.49,15.81,1.268
20040708,1431.13,16.2,1.251
20040709,1440.0,15.78,1.247
20040712,1432.11,14.96,1.262
20040713,1428.68,14.46,1.315
20040714,1416.05,13.76,1.317
20040715,1415.92,14.71,1.317
20040716,1392.17,14.34,1.312
20040719,1396.77,15.17,1.302
20040720,1421.07,14.17,1.332
20040721,1386.57,16.41,1.322
20040722,1408.51,15.75,1.334
20040723,1375.48,16.5,1.338
20040726,1368.4,17.3,1.392
20040727,1391.5,16.55,1.437
20040728,1383.75,16.15,1.42
20040729,1398.55,15.68,1.412
20040730,1400.39,15.32,1.412
20040802,1406.33,15.37,1.432
20040803,1379.14,16.03,1.457
20040804,1379.21,16.21,1.452
20040805,1353.44,18.32,1.444
20040806,1315.3,19.34,1.406
20040809,1318.83,18.89,1.444
20040810,1346.71,17.47,1.472
20040811,1324.65,18.04,1.415
20040812,1304.43,19.08,1.408
20040813,1307.82,17.98,1.401
20040816,1326.84,17.57,1.427
20040817,1335.72,17.02,1.454
20040818,1363.73,16.23,1.447
20040819,1353.24,16.96,1.442
20040820,1366.73,16.0,1.454
20040823,1370.9,15.88,1.477
20040824,1369.78,15.33,1.517
20040825,1389.17,14.98,1.512
20040826,1383.98,14.91,1.516
20040827,1388.56,14.71,1.522
20040830,1367.94,15.44,1.542
20040831,1368.68,15.29,1.568
20040901,1377.96,14.91,1.547
20040902,1398.34,14.28,1.563
20040903,1371.82,13.91,1.612
20040907,1381.84,14.07,1.597
20040908,1376.77,14.06,1.612
20040909,1391.53,14.01,1.608
20040910,1413.0,13.76,1.623
20040913,1427.34,13.17,1.616
20040914,1434.37,13.56,1.623
20040915,1415.3,14.64,1.632
20040916,1417.97,14.39,1.632
20040917,1426.3,14.03,1.668
20040920,1424.72,14.43,1.663
20040921,1435.91,13.66,1.683
20040922,1404.22,14.74,1.674
20040923,1405.77,14.8,1.686
20040924,1399.05,14.28,1.691
20040927,1385.55,14.62,1.682
20040928,1389.7,13.83,1.687
20040929,1410.86,13.21,1.68
20040930,1412.74,13.34,1.674
20041001,1452.94,12.75,1.657
20041004,1459.01,13.41,1.651
20041005,1461.76,13.95,1.671
20041006,1474.36,13.28,1.673
20041007,1455.77,14.5,1.662
20041008,1430.96,15.05,1.657
20041011,1437.73,14.71,1.657
20041012,1435.0,15.05,1.653
20041013,1434.46,15.42,1.687
20041014,1425.21,16.43,1.697
20041015,1430.98,15.04,1.712
20041018,1457.31,14.71,1.737
20041019,1443.8,15.13,1.782
20041020,1452.26,14.85,1.787
20041021,1474.79,14.54,1.797
20041022,1438.25,15.28,1.807
20041025,1432.57,16.58,1.832
20041026,1442.14,16.39,1.874
20041027,1480.03,15.72,1.877
20041028,1487.12,15.39,1.867
20041029,1486.72,16.27,1.867
20041101,1488.79,16.27,1.882
20041102,1494.83,16.18,1.943
20041103,1503.89,14.04,1.918
20041104,1516.2,13.97,1.937
20041105,1525.24,13.84,1.982
20041108,1527.13,13.8,2.002
20041109,1527.0,13.61,2.037
20041110,1517.06,13.08,2.029
20041111,1541.7,13.04,2.029
20041112,1558.41,13.33,2.036
20041115,1560.96,13.38,2.057
20041116,1548.53,13.21,2.091
20041117,1571.12,13.21,2.08
20041118,1580.81,12.98,2.087
20041119,1552.11,13.5,2.096
20041122,1568.28,12.97,2.122
20041123,1562.6,12.67,2.134
20041124,1582.55,12.72,2.132
20041126,1578.26,12.79,2.152
20041129,1580.44,13.3,2.157
20041130,1571.5,13.24,2.182
20041201,1607.15,12.97,2.172
20041202,1613.15,12.98,2.172
20041203,1614.4,12.96,2.167
20041206,1619.59,13.19,2.184
20041207,1589.33,13.67,2.202
20041208,1601.91,13.19,2.197
20041209,1609.79,12.88,2.197
20041210,1605.16,12.76,2.201
20041213,1621.16,12.54,2.179
20041214,1627.46,12.73,2.177
20041215,1623.63,12.35,2.167
20041216,1607.62,12.27,2.155
20041217,1596.61,11.95,2.152
20041220,1591.97,11.83,2.158
20041221,1609.26,11.55,2.172
20041222,1613.57,11.45,2.147
20041223,1613.77,11.23,2.147
20041227,1607.59,12.14,2.182
20041228,1624.19,12.0,2.211
20041229,1624.95,11.62,2.182
20041230,1623.76,12.56,2.17
20041231,1621.12,13.29,2.182
20050103,1603.51,14.08,2.204
20050104,1571.83,13.98,2.292
20050105,1563.76,14.09,2.282
20050106,1557.52,13.58,2.267
20050107,1564.81,13.49,2.277
20050110,1564.92,13.23,2.273
20050111,1553.4,13.19,2.302
20050112,1565.78,12.56,2.292
20050113,1545.18,12.84,2.302
20050114,1561.11,12.43,2.32
20050118,1573.49,12.47,2.302
20050119,1545.65,13.18,2.327
20050120,1514.56,13.83,2.307
20050121,1503.64,14.36,2.302
20050124,1480.66,14.65,2.301
20050125,1490.57,14.06,2.361
20050126,1509.01,13.44,2.365
20050127,1507.55,13.24,2.387
20050128,1499.46,13.24,2.407
20050131,1519.63,12.82,2.422
20050201,1523.66,12.03,2.462
20050202,1525.1,11.66,2.458
20050203,1508.24,11.79,2.432
20050204,1534.49,11.21,2.422
20050207,1529.05,11.73,2.437
20050208,1532.69,11.6,2.465
20050209,1506.81,12.0,2.467
20050210,1506.83,11.51,2.467
20050211,1530.51,11.43,2.494
20050214,1538.21,11.52,2.482
20050215,1547.3,11.27,2.532
20050216,1542.41,11.1,2.527
20050217,1519.29,11.77,2.527
20050218,1515.4,11.18,2.552
20050222,1494.07,13.14,2.573
20050223,1497.09,12.39,2.625
20050224,1517.71,11.57,2.637
20050225,1526.9,11.49,2.675
20050228,1511.02,12.08,2.69
20050301,1527.25,12.04,2.692
20050302,1525.28,12.5,2.677
20050303,1511.89,12.93,2.692
20050304,1520.58,11.94,2.692
20050307,1545.2,12.26,2.677
20050308,1528.65,12.4,2.692
20050309,1521.98,12.7,2.692
20050310,1524.38,12.49,2.687
20050311,1505.64,12.8,2.692
20050314,1515.09,12.39,2.712
20050315,1502.06,13.15,2.737
20050316,1486.23,13.49,2.732
20050317,1487.63,13.29,2.727
20050318,1484.4,13.14,2.742
20050321,1484.45,13.61,2.757
20050322,1465.09,14.27,2.802
20050323,1471.77,14.06,2.761
20050324,1469.94,13.42,2.77
20050328,1472.71,13.75,2.772
20050329,1464.34,14.49,2.772
20050330,1491.74,13.64,2.762
20050331,1482.53,14.02,2.722
20050401,1469.35,14.09,2.727
20050404,1476.72,14.11,2.688
20050405,1483.75,13.68,2.728
20050406,1480.67,13.15,2.702
20050407,1499.71,12.33,2.7
20050408,1485.6,12.62,2.712
20050411,1478.55,11.98,2.697
20050412,1489.16,11.3,2.707
20050413,1461.68,13.31,2.717
20050414,1441.13,14.53,2.712
20050415,1408.59,17.74,2.724
20050418,1409.98,16.56,2.812
20050419,1420.8,14.96,2.847
20050420,1406.85,16.92,2.807
20050421,1447.37,14.41,2.817
20050422,1421.21,15.38,2.858
20050425,1437.31,14.62,2.832
20050426,1420.43,14.91,2.852
20050427,1423.76,14.87,2.82
20050428,1409.29,16.86,2.811
20050429,1420.79,15.31,2.837
20050502,1423.71,15.12,2.822
20050503,1427.61,14.53,2.85
20050504,1452.2,13.85,2.795
20050505,1450.16,13.98,2.747
20050506,1456.0,14.05,2.802
20050509,1463.38,13.75,2.797
20050510,1450.36,14.91,2.822
20050511,1459.55,14.45,2.802
20050512,1454.79,16.12,2.817
20050513,1470.63,16.32,2.757
20050516,1480.68,15.68,2.747
20050517,1490.14,14.57,2.812
20050518,1509.26,13.63,2.787
20050519,1521.43,13.32,2.802
20050520,1528.06,13.14,2.825
20050523,1535.22,12.95,2.845
20050524,1540.47,12.69,2.882
20050525,1532.71,12.58,2.87
20050526,1548.8,12.24,2.867
20050527,1549.8,12.15,2.887
20050531,1542.63,13.29,2.882
20050601,1559.5,12.36,2.907
20050602,1568.96,11.84,2.908
20050603,1544.48,12.15,2.93
20050606,1545.27,12.28,2.932
20050607,1531.12,12.39,2.947
20050608,1527.68,12.7,2.947
20050609,1539.46,12.08,2.927
20050610,1521.02,11.96,2.937
20050613,1529.13,11.65,2.937
20050614,1524.42,11.79,2.962
20050615,1529.49,11.46,2.955
20050616,1537.42,11.15,2.902
20050617,1538.13,11.48,2.913
20050620,1537.31,11.47,2.92
20050621,1536.48,11.08,2.95
20050622,1534.36,11.05,2.962
20050623,1515.95,12.13,3.0
20050624,1500.18,12.18,3.0
20050627,1493.75,12.52,3.035
20050628,1508.61,11.58,3.075
20050629,1504.11,11.77,3.063
20050630,1493.52,12.04,3.06
20050701,1490.53,11.4,3.09
20050705,1506.35,11.68,3.137
20050706,1498.05,12.27,3.12
20050707,1503.78,12.49,3.08
20050708,1533.27,11.45,3.095
20050711,1547.66,11.28,3.095
20050712,1555.59,10.95,3.135
20050713,1557.62,10.84,3.145
20050714,1573.44,10.81,3.152
20050715,1577.82,10.33,3.178
20050718,1570.09,10.77,3.18
20050719,1590.49,10.45,3.222
20050720,1602.75,10.23,3.228
20050721,1601.89,10.97,3.268
20050722,1600.76,10.52,3.293
20050725,1593.57,11.1,3.315
20050726,1598.93,10.99,3.359
20050727,1611.95,10.36,3.325
20050728,1618.64,10.52,3.315
20050729,1605.14,11.57,3.332
20050801,1610.11,12.08,3.355
20050802,1627.01,11.75,3.402
20050803,1627.19,11.83,3.385
20050804,1608.74,12.52,3.38
20050805,1601.59,12.48,3.437
20050808,1589.97,13.21,3.428
20050809,1601.14,12.4,3.435
20050810,1585.71,12.38,3.434
20050811,1600.65,12.42,3.422
20050812,1591.75,12.74,3.433
20050815,1600.71,12.26,3.427
20050816,1574.01,13.52,3.452
20050817,1582.29,13.3,3.435
20050818,1575.76,13.42,3.41
20050819,1573.72,13.42,3.428
20050822,1575.59,13.42,3.422
20050823,1571.3,13.34,3.44
20050824,1561.71,14.17,3.43
20050825,1565.88,13.73,3.435
20050826,1558.84,13.72,3.467
20050829,1571.52,13.52,3.485
20050830,1565.73,13.65,3.477
20050831,1581.71,12.6,3.43
20050901,1577.25,13.15,3.365
20050902,1573.12,13.57,3.377
20050906,1597.27,12.93,3.41
20050907,1599.86,12.52,3.405
20050908,1597.68,12.93,3.398
20050909,1607.83,11.98,3.397
20050912,1612.2,11.65,3.415
20050913,1607.38,12.39,3.404
20050914,1589.63,12.91,3.345
20050915,1588.55,12.49,3.355
20050916,1599.44,11.22,3.409
20050919,1586.05,12.14,3.44
20050920,1578.2,12.64,3.525
20050921,1561.84,13.79,3.342
20050922,1567.36,13.33,3.38
20050923,1571.75,12.96,3.39
20050926,1572.86,13.04,3.425
20050927,1568.84,12.76,3.405
20050928,1568.81,12.63,3.387
20050929,1589.93,12.24,3.458
20050930,1601.66,11.92,3.47
20051003,1605.59,12.46,3.485
20051004,1595.54,13.2,3.535
20051005,1571.52,14.55,3.49
20051006,1552.94,14.96,3.512
20051007,1555.92,14.59,3.533
20051010,1546.99,15.55,3.533
20051011,1539.31,15.63,3.56
20051012,1521.19,16.22,3.615
20051013,1533.8,16.47,3.662
20051014,1544.29,14.87,3.702
20051017,1549.88,14.67,3.697
20051018,1538.43,15.33,3.77
20051019,1569.61,13.5,3.757
20051020,1555.59,16.11,3.76
20051021,1565.12,16.13,3.765
20051024,1590.65,14.74,3.765
20051025,1585.82,14.53,3.837
20051026,1575.14,14.59,3.805
20051027,1543.38,16.02,3.792
20051028,1557.11,14.25,3.825
20051031,1579.18,15.32,3.805
20051101,1576.52,14.85,3.862
20051102,1597.29,13.48,3.837
20051103,1619.67,13.0,3.847
20051104,1628.03,13.17,3.865
20051107,1629.27,13.1,3.827
20051108,1628.4,13.08,3.862
20051109,1630.21,12.8,3.877
20051110,1650.93,11.9,3.872
20051111,1653.36,11.63,3.872
20051114,1651.9,12.18,3.882
20051115,1644.31,12.23,3.915
20051116,1651.45,12.26,3.912
20051117,1676.39,11.25,3.912
20051118,1679.85,11.12,3.912
20051121,1686.23,10.82,3.895
20051122,1694.14,10.6,3.832
20051123,1696.77,10.96,3.852
20051125,1701.05,10.88,3.852
20051128,1684.39,11.84,3.83
20051129,1676.84,11.89,3.887
20051130,1672.56,12.06,3.857
20051201,1704.28,11.24,3.877
20051202,1709.1,11.01,3.892
20051205,1694.77,11.6,3.91
20051206,1701.35,11.52,3.932
20051207,1697.04,12.18,3.93
20051208,1685.59,12.21,3.845
20051209,1692.62,11.69,3.842
20051212,1698.35,11.47,3.825
20051213,1705.77,11.11,3.827
20051214,1698.98,10.48,3.802
20051215,1701.7,10.73,3.84
20051216,1688.68,10.68,3.832
20051219,1664.36,11.38,3.86
20051220,1665.07,11.19,3.887
20051221,1670.61,10.81,3.892
20051222,1683.35,10.29,3.902
20051223,1682.92,10.27,3.895
20051227,1668.37,11.57,3.877
20051228,1667.1,11.35,3.862
20051229,1655.36,11.61,3.912
20051230,1645.2,12.07,3.985
20060103,1679.93,11.14,4.02
20060104,1695.83,11.37,4.082
20060105,1705.29,11.31,4.09
20060106,1734.99,11.0,4.107
20060109,1741.9,11.13,4.117
20060110,1744.02,10.86,4.177
20060111,1758.24,10.94,4.192
20060112,1747.35,11.2,4.205
20060113,1746.78,11.23,4.22
20060117,1736.39,11.91,4.232
20060118,1716.62,12.25,4.247
20060119,1729.92,11.98,4.242
20060120,1676.38,14.56,4.252
20060123,1676.3,13.93,4.247
20060124,1686.22,13.31,4.295
20060125,1677.0,12.87,4.307
20060126,1690.49,12.42,4.332
20060127,1711.11,11.97,4.337
20060130,1713.45,12.39,4.342
20060131,1710.75,12.95,4.37
20060201,1713.02,12.36,4.362
20060202,1685.77,13.23,4.362
20060203,1664.53,12.96,4.362
20060206,1657.54,13.04,4.347
20060207,1651.84,13.59,4.382
20060208,1670.47,12.83,4.392
20060209,1654.08,13.12,4.397
20060210,1663.75,12.87,4.425
20060213,1645.83,13.35,4.422
20060214,1661.95,12.25,4.447
20060215,1673.15,12.31,4.432
20060216,1688.61,11.48,4.43
20060217,1675.21,12.01,4.427
20060221,1655.68,12.41,4.445
20060222,1677.52,11.88,4.452
20060223,1672.29,11.87,4.477
20060224,1676.5,11.46,4.482
20060227,1695.66,11.59,4.49
20060228,1670.57,12.34,4.507
20060301,1694.58,11.54,4.487
20060302,1693.78,11.72,4.487
20060303,1684.32,11.96,4.492
20060306,1669.94,12.74,4.465
20060307,1661.02,12.66,4.482
20060308,1661.86,12.32,4.485
20060309,1645.09,12.68,4.475
20060310,1648.23,11.85,4.49
20060313,1653.79,11.37,4.492
20060314,1681.15,10.74,4.477
20060315,1694.46,11.35,4.5
20060316,1679.05,11.98,4.492
20060317,1685.66,12.12,4.517
20060320,1688.98,11.79,4.53
20060321,1672.47,11.62,4.567
20060322,1676.32,11.21,4.567
20060323,1670.73,11.17,4.547
20060324,1679.81,11.19,4.535
20060327,1680.63,11.46,4.517
20060328,1673.03,11.58,4.527
20060329,1703.84,10.95,4.502
20060330,1708.68,11.57,4.485
20060331,1703.66,11.39,4.515
20060403,1706.77,11.57,4.527
20060404,1716.55,11.14,4.552
20060405,1732.74,11.13,4.547
20060406,1739.2,11.45,4.552
20060407,1723.03,12.26,4.562
20060410,1718.86,12.19,4.567
20060411,1704.4,13.0,4.572
20060412,1704.75,12.76,4.582
20060413,1712.07,12.38,4.577
20060417,1694.32,12.58,4.577
20060418,1726.64,11.4,4.597
20060419,1734.04,11.32,4.602
20060420,1728.9,11.64,4.602
20060421,1709.02,11.59,4.625
20060424,1706.44,11.75,4.622
20060425,1701.47,11.75,4.655
20060426,1702.2,11.76,4.657
20060427,1717.14,11.84,4.657
20060428,1700.71,11.59,4.65
20060501,1686.61,12.54,4.647
20060502,1689.93,11.99,4.682
20060503,1686.3,11.99,4.697
20060504,1701.03,11.86,4.672
20060505,1713.84,11.62,4.695
20060508,1715.23,12.0,4.7
20060509,1711.17,11.99,4.755
20060510,1694.82,11.78,4.752
20060511,1657.48,12.49,4.695
20060512,1635.81,14.19,4.707
20060515,1634.78,13.57,4.697
20060516,1623.69,13.35,4.707
20060517,1598.91,16.26,4.707
20060518,1587.11,16.99,4.707
20060519,1600.86,17.18,4.697
20060522,1584.57,17.72,4.682
20060523,1569.01,18.26,4.712
20060524,1580.18,17.36,4.702
20060525,1599.68,15.5,4.697
20060526,1606.37,14.26,4.712
20060530,1571.29,18.66,4.697
20060531,1579.58,16.44,4.715
20060601,1616.57,14.52,4.707
20060602,1612.9,14.32,4.682
20060605,1577.5,16.65,4.702
20060606,1575.39,17.34,4.737
20060607,1565.22,17.8,4.732
20060608,1561.55,18.35,4.735
20060609,1550.97,18.12,4.747
20060612,1520.31,20.96,4.782
20060613,1516.85,23.81,4.772
20060614,1530.26,21.46,4.76
20060615,1573.08,15.9,4.72
20060616,1562.84,17.25,4.745
20060619,1548.94,17.83,4.755
20060620,1548.32,16.69,4.8
20060621,1573.56,15.52,4.785
20060622,1554.49,15.88,4.775
20060623,1551.05,15.89,4.835
20060626,1556.17,15.62,4.85
20060627,1527.0,16.4,4.91
20060628,1538.25,15.79,4.87
20060629,1585.56,13.03,4.865
20060630,1575.23,13.08,4.86
20060703,1586.25,13.05,4.885
20060705,1553.95,14.15,4.87
20060706,1551.55,13.65,4.87
20060707,1533.71,13.97,4.875
20060710,1520.9,14.02,4.875
20060711,1533.06,13.14,4.915
20060712,1501.46,14.49,4.925
20060713,1478.16,17.79,4.915
20060714,1462.17,18.05,4.915
20060717,1468.5,18.64,4.94
20060718,1472.34,17.74,5.0
20060719,1490.6,15.55,4.97
20060720,1466.89,16.21,4.945
20060721,1451.88,17.4,4.945
20060724,1482.34,14.98,4.945
20060725,1489.52,14.85,5.0
20060726,1487.88,14.62,4.97
20060727,1478.53,14.94,4.955
20060728,1510.3,14.33,4.92
20060731,1509.43,14.95,4.935
20060801,1484.94,15.05,4.985
20060802,1500.48,14.34,4.965
20060803,1510.6,14.46,4.97
20060804,1503.84,14.34,4.945
20060807,1494.13,15.23,4.97
20060808,1484.8,15.23,4.975
20060809,1485.64,15.2,4.935
20060810,1496.28,14.46,4.915
20060811,1486.74,14.3,4.935
20060814,1494.33,14.26,4.955
20060815,1534.43,13.42,4.96
20060816,1570.06,12.41,4.93
20060817,1573.59,12.24,4.955
20060818,1576.46,11.64,4.96
20060821,1561.12,12.22,4.955
20060822,1563.43,12.19,4.965
20060823,1550.41,12.4,4.96
20060824,1555.19,12.4,4.955
20060825,1557.7,12.31,4.965
20060828,1570.29,12.18,4.96
20060829,1573.65,12.28,4.935
20060830,1581.95,12.22,4.92
20060831,1579.73,12.31,4.905
20060901,1589.47,11.96,4.885
20060905,1603.69,12.63,4.85
20060906,1572.2,13.74,4.83
20060907,1564.84,13.88,4.83
20060908,1574.71,13.16,4.8
20060911,1583.78,12.99,4.81
20060912,1615.75,11.92,4.78
20060913,1623.99,11.18,4.78
20060914,1625.98,11.55,4.81
20060915,1632.44,11.76,4.815
20060918,1632.17,11.78,4.805
20060919,1621.07,11.98,4.82
20060920,1645.35,11.39,4.81
20060921,1634.87,12.25,4.785
20060922,1622.37,12.59,4.79
20060925,1650.37,12.12,4.77
20060926,1659.2,11.53,4.755
20060927,1655.67,11.58,4.75
20060928,1661.59,11.72,4.74
20060929,1654.13,11.98,4.76
20061002,1632.81,12.57,4.76
20061003,1640.29,12.24,4.775
20061004,1681.14,11.86,4.795
20061005,1689.43,11.98,4.8
20061006,1684.88,11.56,4.81
20061009,1691.08,11.68,4.81
20061010,1693.29,11.52,4.855
20061011,1691.28,11.62,4.885
20061012,1718.54,11.09,4.92
20061013,1727.21,10.75,4.92
20061016,1727.61,11.09,4.93
20061017,1709.61,11.73,4.95
20061018,1700.75,11.34,4.95
20061019,1706.37,10.9,4.96
20061020,1709.58,10.63,4.95
20061023,1725.93,11.08,4.97
20061024,1713.88,10.78,4.99
20061025,1726.76,10.66,4.985
20061026,1744.07,10.56,4.975
20061027,1717.61,10.8,4.965
20061030,1727.8,11.2,4.945
20061031,1732.54,11.1,4.94
20061101,1707.65,11.51,4.935
20061102,1710.17,11.42,4.935
20061103,1703.98,11.16,4.955
20061106,1732.26,11.16,4.94
20061107,1741.53,11.09,4.945
20061108,1749.75,10.75,4.96
20061109,1740.14,11.01,4.96
20061110,1751.11,10.79,4.955
20061113,1768.0,10.86,4.945
20061114,1787.23,10.5,4.955
20061115,1793.82,10.31,4.95
20061116,1801.97,10.16,4.955
20061117,1800.67,10.05,4.945
20061120,1803.81,9.97,4.925
20061121,1808.88,9.9,4.93
20061122,1819.76,10.14,4.92
20061124,1815.53,10.73,4.905
20061127,1775.17,12.3,4.905
20061128,1780.34,11.62,4.905
20061129,1792.77,10.83,4.905
20061130,1791.25,10.91,4.89
20061201,1775.12,11.66,4.89
20061204,1799.93,11.23,4.87
20061205,1804.85,11.27,4.85
20061206,1799.13,11.33,4.855
20061207,1777.46,12.67,4.84
20061208,1786.21,12.07,4.83
20061211,1791.74,10.71,4.815
20061212,1781.97,10.65,4.805
20061213,1783.44,10.18,4.815
20061214,1803.41,9.97,4.815
20061215,1808.56,10.05,4.775
20061218,1790.99,10.6,4.805
20061219,1785.12,10.3,4.83
20061220,1777.92,10.26,4.835
20061221,1766.28,10.53,4.835
20061222,1748.61,11.36,4.85
20061226,1753.55,11.26,4.85
20061227,1763.41,10.64,4.845
20061228,1758.94,10.99,4.865
20061229,1756.9,11.56,4.885
20070103,1759.37,12.04,4.915
20070104,1792.91,11.51,4.9
20070105,1785.3,12.14,4.91
20070108,1787.14,12.0,4.91
20070109,1795.63,11.91,4.945
20070110,1816.15,11.47,4.95
20070111,1834.86,10.87,4.965
20070112,1844.81,10.15,4.955
20070116,1842.44,10.74,4.955
20070117,1827.68,10.59,4.98
20070118,1793.68,10.85,4.98
20070119,1796.81,10.4,5.0
20070122,1779.02,10.77,4.99
20070123,1773.4,10.34,5.005
20070124,1802.63,9.89,4.99
20070125,1777.75,11.22,5.0
20070126,1772.97,11.13,4.995
20070129,1775.08,11.45,4.995
20070130,1777.76,10.96,4.995
20070131,1792.28,10.42,4.975
20070201,1791.45,10.31,4.99
20070202,1798.13,10.08,5.0
20070205,1795.39,10.55,4.995
20070206,1793.06,10.65,5.01
20070207,1810.95,10.32,5.01
20070208,1810.54,10.44,5.015
20070209,1785.53,11.1,5.015
20070212,1778.42,11.61,5.02
20070213,1783.82,10.34,5.025
20070214,1814.98,10.23,5.01
20070215,1823.41,10.22,5.02
20070216,1821.49,10.02,5.03
20070220,1833.71,10.24,5.035
20070221,1839.13,10.2,5.035
20070222,1846.34,10.18,5.045
20070223,1839.77,10.58,5.04
20070226,1830.59,11.15,5.045
20070227,1756.27,18.31,4.99
20070228,1761.6,15.42,4.995
20070301,1753.45,15.82,4.99
20070302,1726.03,18.61,4.97
20070305,1712.94,19.63,4.96
20070306,1743.1,15.96,4.975
20070307,1736.1,15.24,4.955
20070308,1746.43,14.29,4.945
20070309,1744.74,14.09,4.95
20070312,1756.42,13.99,4.95
20070313,1722.48,18.13,4.935
20070314,1743.15,17.27,4.915
20070315,1744.87,16.43,4.895
20070316,1742.23,16.79,4.885
20070319,1758.23,14.59,4.895
20070320,1767.25,13.27,4.91
20070321,1806.35,12.19,4.91
20070322,1799.75,12.93,4.92
20070323,1794.04,12.95,4.925
20070326,1802.95,13.16,4.93
20070327,1789.93,13.48,4.92
20070328,1770.54,14.98,4.91
20070329,1771.72,15.14,4.905
20070330,1772.36,14.64,4.895
20070402,1773.33,14.53,4.905
20070403,1796.31,13.46,4.905
20070404,1801.74,13.24,4.905
20070405,1812.94,13.23,4.895
20070409,1808.19,13.14,4.885
20070410,1816.93,12.68,4.88
20070411,1798.09,13.49,4.885
20070412,1813.49,12.71,4.885
20070413,1816.85,12.2,4.87
20070416,1833.96,11.98,4.865
20070417,1834.91,12.14,4.86
20070418,1832.39,12.42,4.85
20070419,1832.47,12.54,4.845
20070420,1845.89,12.07,4.835
20070423,1850.18,13.04,4.84
20070424,1858.87,13.12,4.835
20070425,1881.33,13.21,4.82
20070426,1889.57,12.79,4.8
20070427,1891.06,12.45,4.795
20070430,1867.75,14.22,4.725
20070501,1873.43,13.51,4.755
20070502,1889.73,13.08,4.755
20070503,1895.64,13.09,4.75
20070504,1895.7,12.91,4.75
20070507,1895.96,13.15,4.73
20070508,1899.83,13.21,4.755
20070509,1905.65,12.88,4.73
20070510,1875.2,13.6,4.72
20070511,1898.79,12.95,4.715
20070514,1888.08,13.96,4.7
20070515,1871.79,14.01,4.69
20070516,1891.57,13.5,4.61
20070517,1884.68,13.51,4.66
20070518,1896.93,12.76,4.685
20070521,1911.16,13.3,4.71
20070522,1916.45,13.06,4.775
20070523,1904.41,13.24,4.765
20070524,1874.6,14.08,4.765
20070525,1889.25,13.34,4.74
20070529,1899.79,13.53,4.685
20070530,1918.08,12.83,4.705
20070531,1928.19,13.05,4.59
20070601,1928.26,12.78,4.655
20070604,1933.73,13.29,4.625
20070605,1932.35,13.63,4.69
20070606,1914.85,14.87,4.655
20070607,1882.17,17.06,4.66
20070608,1906.26,14.84,4.63
20070611,1901.96,14.71,4.59
20070612,1890.67,16.67,4.59
20070613,1913.87,14.73,4.515
20070614,1924.54,13.64,4.51
20070615,1942.41,13.94,4.43
20070618,1944.37,13.42,4.41
20070619,1941.75,12.85,4.515
20070620,1922.12,14.67,4.6
20070621,1941.32,14.21,4.56
20070622,1921.94,15.75,4.585
20070625,1912.9,16.65,4.64
20070626,1908.64,18.89,4.675
20070627,1933.06,15.53,4.635
20070628,1931.67,15.54,4.64
20070629,1934.1,16.23,4.67
20070702,1954.12,15.4,4.73
20070703,1965.2,14.92,4.815
20070705,1981.06,15.48,4.81
20070706,1988.31,14.72,4.79
20070709,1989.2,15.16,4.785
20070710,1971.89,17.57,4.805
20070711,1984.08,16.64,4.805
20070712,2021.03,15.54,4.815
20070713,2032.16,15.15,4.82
20070716,2028.02,15.59,4.79
20070717,2041.78,15.63,4.81
20070718,2037.98,16.0,4.815
20070719,2052.99,15.23,4.83
20070720,2035.88,16.95,4.825
20070723,2036.33,16.81,4.855
20070724,2000.55,18.55,4.875
20070725,2011.14,18.1,4.835
20070726,1986.6,20.74,4.77
20070727,1956.19,24.17,4.705
20070730,1973.93,20.87,4.72
20070731,1932.06,23.52,4.81
20070801,1945.08,23.67,4.74
20070802,1966.6,21.22,4.745
20070803,1918.56,25.16,4.7
20070806,1954.37,22.94,4.715
20070807,1961.64,21.56,4.785
20070808,1987.34,21.45,4.805
20070809,1936.76,26.48,4.72
20070810,1925.14,28.3,4.415
20070813,1934.41,26.57,4.53
20070814,1901.32,27.68,4.5
20070815,1864.92,30.67,4.13
20070816,1846.09,30.83,3.7
20070817,1888.78,29.99,3.62
20070820,1893.05,26.33,2.95
20070821,1910.99,25.25,3.42
20070822,1936.77,22.89,3.565
20070823,1931.88,22.62,3.71
20070824,1961.38,20.72,4.08
20070827,1947.49,22.72,4.38
20070828,1899.24,26.3,4.27
20070829,1954.85,23.81,3.85
20070830,1963.75,25.06,3.73
20070831,1988.73,23.38,3.99
20070904,2020.51,22.78,4.28
20070905,1994.38,24.58,4.22
20070906,1998.67,23.99,4.16
20070907,1958.35,26.23,3.94
20070910,1960.2,27.38,3.87
20070911,1988.98,25.27,3.99
20070912,1988.96,24.96,3.9
20070913,1998.63,24.76,3.95
20070914,2000.82,24.92,3.88
20070917,1983.08,26.48,3.99
20070918,2035.37,20.35,3.86
20070919,2041.36,20.03,3.81
20070920,2032.61,20.45,3.67
20070921,2049.48,19.0,3.62
20070924,2057.25,19.37,3.67
20070925,2076.83,18.6,3.69
20070926,2088.38,17.63,3.625
20070927,2096.39,17.0,3.6
20070928,2091.11,18.0,3.7
20071001,2116.97,17.84,3.795
20071002,2115.89,18.49,3.85
20071003,2103.01,18.8,3.84
20071004,2105.56,18.44,3.835
20071005,2149.67,16.91,3.87
20071008,2163.26,17.46,3.865
20071009,2171.21,16.12,3.91
20071010,2176.98,16.67,3.935
20071011,2140.92,18.88,4.005
20071012,2177.99,17.73,4.08
20071015,2158.92,19.25,4.16
20071016,2151.14,20.02,4.125
20071017,2179.14,18.54,3.89
20071018,2187.52,18.5,3.64
20071019,2131.08,22.96,3.74
20071022,2157.45,21.64,3.86
20071023,2205.18,20.41,3.86
20071024,2188.59,20.8,3.71
20071025,2161.52,21.17,3.82
20071026,2194.59,19.56,3.84
20071029,2203.42,19.87,3.86
20071030,2207.61,21.07,3.85
20071031,2238.98,18.53,3.82
20071101,2197.07,23.21,3.705
20071102,2213.86,23.01,3.5
20071105,2200.48,24.31,3.58
20071106,2223.97,21.39,3.63
20071107,2169.43,26.49,3.36
20071108,2106.16,26.16,3.28
20071109,2034.3,28.5,3.17
20071112,1982.16,31.09,3.18
20071113,2066.08,24.1,3.36
20071114,2038.05,25.94,3.315
20071115,2024.03,28.06,3.19
20071116,2048.62,25.49,3.29
20071119,2021.14,26.01,3.275
20071120,2029.94,24.88,3.16
20071121,2006.38,26.84,3.04
20071123,2028.9,25.61,3.14
20071126,1989.36,28.91,3.055
20071127,2033.76,26.28,3.075
20071128,2095.39,24.11,2.96
20071129,2102.42,23.97,2.885
20071130,2089.1,22.87,3.07
20071203,2067.45,23.61,2.96
20071204,2059.06,23.79,2.98
20071205,2099.31,22.53,2.98
20071206,2127.65,20.96,2.96
20071207,2130.0,20.85,3.02
20071210,2134.88,20.74,2.97
20071211,2083.72,23.59,2.87
20071212,2101.36,22.47,2.81
20071213,2094.68,22.56,2.78
20071214,2072.11,23.27,2.795
20071217,2020.8,24.52,2.93
20071218,2029.49,22.64,2.97
20071219,2031.0,21.68,2.835
20071220,2069.68,20.58,2.805
20071221,2111.77,18.47,2.9
20071224,2128.62,18.6,3.2
20071226,2136.94,18.66,3.225
20071227,2106.09,20.26,3.075
20071228,2107.05,20.74,3.08
20071231,2084.93,22.5,3.14
20080102,2049.71,23.17,3.17
20080103,2051.76,22.49,3.15
20080104,1963.52,23.94,3.115
20080107,1957.44,23.79,3.165
20080108,1910.33,25.43,3.16
20080109,1949.2,24.12,3.11
20080110,1953.64,23.45,3.13
20080111,1912.81,23.68,3.01
20080114,1949.15,22.9,3.085
20080115,1894.09,23.34,3.085
20080116,1872.29,24.38,3.04
20080117,1842.1,28.46,2.98
20080118,1844.09,27.18,2.79
20080122,1795.61,31.01,2.23
20080123,1789.53,29.02,2.11
20080124,1826.92,27.78,2.3
20080125,1789.17,29.08,2.22
20080128,1805.08,27.78,2.215
20080129,1807.67,27.32,2.205
20080130,1808.51,27.62,2.14
20080131,1841.42,26.2,1.87
20080201,1855.27,24.02,2.05
20080204,1828.8,25.99,2.17
20080205,1773.49,28.24,2.145
20080206,1740.95,28.97,2.04
20080207,1753.3,27.66,2.1
20080208,1773.74,28.01,2.16
20080211,1793.09,27.6,2.19
20080212,1780.54,26.33,2.25
20080213,1823.0,24.88,2.21
20080214,1787.59,25.54,2.22
20080215,1780.38,25.02,2.13
20080219,1764.81,25.59,2.17
20080220,1787.45,24.4,2.175
20080221,1766.3,25.12,2.14
20080222,1773.44,24.06,2.14
20080225,1785.46,23.03,2.11
20080226,1791.31,21.9,2.075
20080227,1799.94,22.69,1.93
20080228,1794.46,23.53,1.855
20080229,1745.27,26.54,1.785
20080303,1733.27,26.28,1.635
20080304,1743.7,25.52,1.595
20080305,1753.57,24.6,1.48
20080306,1712.5,27.55,1.365
20080307,1707.5,27.49,1.4
20080310,1673.03,29.38,1.3
20080311,1740.95,26.36,1.44
20080312,1735.18,27.22,1.44
20080313,1750.4,27.29,1.3
20080314,1713.83,31.16,1.12
20080317,1687.19,32.24,0.99
20080318,1761.05,25.79,0.9
20080319,1715.59,29.84,0.65
20080320,1751.99,26.62,0.5
20080324,1814.4,25.73,1.015
20080325,1824.54,25.72,1.255
20080326,1817.28,26.08,1.27
20080327,1777.89,25.88,1.25
20080328,1767.57,25.71,1.35
20080331,1781.93,25.61,1.275
20080401,1855.48,22.68,1.355
20080402,1848.8,23.43,1.365
20080403,1855.19,23.21,1.36
20080404,1865.87,22.45,1.32
20080407,1860.83,22.42,1.36
20080408,1846.14,22.36,1.35
20080409,1826.19,22.81,1.275
20080410,1852.97,21.98,1.235
20080411,1798.72,23.46,1.16
20080414,1790.93,23.82,1.075
20080415,1794.73,22.78,1.1
20080416,1846.89,20.53,1.115
20080417,1840.88,20.37,1.21
20080418,1900.28,20.13,1.32
20080421,1913.12,20.5,1.27
20080422,1881.65,20.87,1.255
20080423,1906.66,20.26,1.2
20080424,1924.58,20.06,1.22
20080425,1918.58,19.59,1.285
20080428,1923.26,19.64,1.33
20080429,1933.6,20.24,1.44
20080430,1917.7,20.79,1.34
20080501,1980.44,18.88,1.37
20080502,1981.87,18.18,1.465
20080505,1975.82,18.9,1.55
20080506,1990.61,18.21,1.595
20080507,1951.42,19.73,1.63
20080508,1966.86,19.4,1.62
20080509,1960.29,19.41,1.65
20080512,1997.02,17.79,1.75
20080513,2000.61,17.98,1.785
20080514,1997.3,17.66,1.785
20080515,2031.34,16.3,1.79
20080516,2031.27,16.47,1.8
20080519,2016.6,17.01,1.805
20080520,2000.67,17.58,1.825
20080521,1956.8,18.59,1.81
20080522,1964.92,18.05,1.825
20080523,1958.96,19.55,1.8
20080527,1995.44,19.64,1.85
20080528,2000.07,19.07,1.855
20080529,2019.02,18.14,1.865
20080530,2032.57,17.83,1.85
20080602,2006.84,19.83,1.79
20080603,1996.79,20.24,1.81
20080604,2021.45,20.8,1.805
20080605,2055.11,18.63,1.81
20080606,1990.39,23.56,1.8
20080609,1979.71,23.12,1.85
20080610,1972.54,23.18,1.97
20080611,1924.33,24.12,1.905
20080612,1924.26,23.33,1.95
20080613,1966.01,21.22,1.93
20080616,1984.76,20.95,1.94
20080617,1972.82,21.13,1.955
20080618,1951.1,22.24,1.88
20080619,1982.69,21.58,1.86
20080620,1928.39,22.87,1.8
20080623,1913.31,22.64,1.85
20080624,1903.74,22.42,1.795
20080625,1933.86,21.14,1.76
20080626,1855.39,23.93,1.68
20080627,1855.72,23.44,1.63
20080630,1837.09,23.95,1.705
20080701,1862.71,23.65,1.825
20080702,1816.15,25.92,1.79
20080703,1816.35,24.79,1.81
20080707,1826.93,25.78,1.775
20080708,1871.28,23.15,1.82
20080709,1819.18,25.23,1.79
20080710,1839.57,25.59,1.63
20080711,1810.88,27.49,1.57
20080714,1798.03,28.48,1.425
20080715,1798.35,28.54,1.375
20080716,1843.87,25.1,1.345
20080717,1853.47,25.01,1.39
20080718,1823.23,24.05,1.42
20080721,1819.76,23.05,1.38
20080722,1821.62,21.18,1.5
20080723,1845.56,21.31,1.545
20080724,1816.98,23.44,1.61
20080725,1846.55,22.91,1.69
20080728,1802.99,24.23,1.665
20080729,1845.55,22.03,1.68
20080730,1852.8,21.21,1.67
20080731,1849.15,22.94,1.635
20080801,1826.56,22.57,1.63
20080804,1804.84,23.49,1.66
20080805,1869.76,21.14,1.71
20080806,1895.21,20.23,1.6
20080807,1880.09,21.15,1.63
20080808,1926.23,20.66,1.665
20080811,1941.23,20.12,1.77
20080812,1941.07,21.17,1.825
20080813,1942.02,21.55,1.815
20080814,1964.38,20.34,1.83
20080815,1957.56,19.58,1.8
20080818,1932.7,20.98,1.74
20080819,1908.68,21.28,1.765
20080820,1913.02,20.42,1.67
20080821,1906.74,19.82,1.685
20080822,1931.47,18.81,1.665
20080825,1889.72,20.97,1.645
20080826,1886.32,20.49,1.675
20080827,1900.3,19.76,1.64
20080828,1915.12,19.43,1.7
20080829,1872.54,20.65,1.69
20080902,1850.14,21.99,1.65
20080903,1833.09,21.43,1.665
20080904,1774.78,24.03,1.65
20080905,1768.23,23.06,1.64
20080908,1762.95,22.64,1.67
20080909,1721.55,25.47,1.64
20080910,1738.07,24.52,1.62
20080911,1773.65,24.39,1.58
20080912,1767.13,25.66,1.46
20080915,1705.46,31.7,0.81
20080916,1724.08,30.3,0.86
20080917,1632.45,36.22,0.02
20080918,1697.42,33.1,0.07
20080919,1745.06,32.07,0.92
20080922,1665.94,33.85,0.875
20080923,1648.4,35.72,0.8
20080924,1661.33,35.19,0.44
20080925,1687.55,32.82,0.71
20080926,1672.04,34.74,0.83
20080929,1496.15,46.72,0.45
20080930,1594.63,39.39,0.9
20081001,1563.8,39.81,0.8
20081002,1491.11,45.26,0.59
20081003,1470.84,45.14,0.47
20081006,1411.28,52.05,0.41
20081007,1329.98,53.68,0.785
20081008,1330.61,57.53,0.64
20081009,1275.1,63.92,0.58
20081010,1269.8,69.95,0.21
20081013,1429.54,54.99,0.21
20081014,1364.59,55.13,0.235
20081015,1244.23,69.25,0.2
20081016,1312.97,67.61,0.435
20081017,1311.72,70.33,0.78
20081020,1352.76,52.97,1.02
20081021,1283.43,53.11,1.095
20081022,1237.09,69.65,1.01
20081023,1239.16,67.8,0.91
20081024,1202.27,79.13,0.82
20081027,1169.78,80.06,0.73
20081028,1297.57,66.96,0.75
20081029,1302.12,69.96,0.565
20081030,1333.94,62.9,0.375
20081031,1334.78,59.89,0.435
20081103,1334.75,53.68,0.42
20081104,1378.4,47.73,0.465
20081105,1299.98,54.56,0.38
20081106,1241.97,63.68,0.315
20081107,1271.62,56.1,0.29
20081110,1251.0,59.98,0.2
20081111,1225.59,61.44,0.195
20081112,1165.38,66.46,0.14
20081113,1240.93,59.83,0.19
20081114,1179.63,66.31,0.13
20081117,1151.96,69.15,0.09
20081118,1155.75,67.64,0.11
20081119,1087.6,74.26,0.065
20081120,1036.51,80.86,0.005
20081121,1085.57,72.67,0.01
20081124,1154.34,64.7,0.01
20081125,1142.58,60.9,0.1
20081126,1193.09,54.92,0.03
20081128,1185.75,55.84,0.02
20081201,1091.16,68.51,0.01
20081202,1130.0,62.98,0.05
20081203,1166.2,60.72,0.015
20081204,1127.75,63.64,0.005
20081205,1177.87,59.93,0.01
20081208,1225.06,58.49,0.005
20081209,1212.45,58.91,0.01
20081210,1222.38,55.73,0.005
20081211,1180.46,55.78,0.01
20081212,1206.65,54.28,0.01
20081215,1181.87,56.76,0.005
20081216,1243.49,52.37,0.025
20081217,1225.86,49.84,0.005
20081218,1204.69,47.34,0.005
20081219,1217.19,44.93,0.005
20081222,1189.15,44.56,0.005
20081223,1183.19,45.02,0.005
20081224,1184.3,44.21,0.005
20081226,1185.44,43.38,0.005
20081229,1173.15,43.9,0.01
20081230,1201.34,41.63,0.09
20081231,1211.65,40.0,0.115
20090102,1263.7,39.19,0.085
20090105,1262.52,39.08,0.085
20090106,1274.49,38.56,0.13
20090107,1238.6,43.39,0.1
20090108,1252.52,42.56,0.08
20090109,1223.01,42.82,0.065
20090112,1201.13,45.84,0.065
20090113,1202.65,43.27,0.105
20090114,1163.42,49.14,0.11
20090115,1183.52,51.0,0.1
20090116,1198.14,46.11,0.115
20090120,1136.61,56.65,0.1
20090121,1185.76,46.42,0.11
20090122,1168.08,47.29,0.1
20090123,1175.89,47.27,0.09
20090126,1184.56,45.69,0.1
20090127,1194.41,42.25,0.13
20090128,1235.91,39.66,0.18
20090129,1203.85,42.63,0.22
20090130,1180.25,44.84,0.22
20090202,1195.75,45.52,0.245
20090203,1215.66,43.06,0.31
20090204,1215.43,43.85,0.29
20090205,1245.11,43.73,0.27
20090206,1277.49,43.37,0.27
20090209,1281.65,43.64,0.275
20090210,1229.29,46.67,0.305
20090211,1227.05,44.53,0.3
20090212,1242.81,41.25,0.285
20090213,1236.85,42.93,0.29
20090217,1187.04,48.66,0.285
20090218,1188.77,48.46,0.3
20090219,1167.89,47.08,0.3
20090220,1172.71,49.3,0.265
20090223,1128.97,52.62,0.27
20090224,1171.45,45.49,0.295
20090225,1160.83,44.67,0.295
20090226,1127.1,44.66,0.265
20090227,1116.99,46.35,0.25
20090302,1076.67,52.65,0.23
20090303,1080.67,50.93,0.265
20090304,1110.3,47.56,0.25
20090305,1074.52,50.17,0.2
20090306,1064.7,49.33,0.185
20090309,1043.87,49.68,0.2
20090310,1112.44,44.37,0.235
20090311,1125.95,43.61,0.22
20090312,1164.71,41.18,0.2
20090313,1168.52,42.36,0.19
20090316,1145.45,43.74,0.22
20090317,1192.17,40.8,0.225
20090318,1206.96,40.06,0.205
20090319,1204.21,43.68,0.19
20090320,1187.18,45.89,0.2
20090323,1259.81,43.23,0.19
20090324,1234.34,42.93,0.205
20090325,1236.66,42.25,0.185
20090326,1281.3,40.36,0.14
20090327,1251.47,41.04,0.125
20090330,1220.81,45.54,0.12
20090331,1237.01,44.14,0.2
20090401,1252.51,42.28,0.21
20090402,1294.3,42.04,0.19
20090403,1316.16,39.7,0.2
20090406,1313.1,40.93,0.185
20090407,1275.42,40.39,0.19
20090408,1300.75,38.85,0.18
20090409,1340.28,36.53,0.175
20090413,1336.67,37.81,0.17
20090414,1322.31,37.67,0.165
20090415,1316.51,36.17,0.14
20090416,1352.98,35.79,0.125
20090417,1353.92,33.94,0.13
20090420,1309.37,39.18,0.12
20090421,1329.06,37.14,0.14
20090422,1335.72,38.1,0.135
20090423,1344.41,37.15,0.095
20090424,1373.28,36.82,0.095
20090427,1369.94,38.32,0.09
20090428,1361.92,37.95,0.12
20090429,1382.38,36.08,0.095
20090430,1394.33,36.5,0.125
20090501,1396.62,35.3,0.145
20090504,1427.96,34.53,0.175
20090505,1423.81,33.36,0.175
20090506,1423.85,32.45,0.18
20090507,1389.83,33.44,0.18
20090508,1394.16,32.05,0.165
20090511,1395.79,32.87,0.155
20090512,1377.4,31.8,0.18
20090513,1339.83,33.65,0.17
20090514,1359.67,31.37,0.155
20090515,1355.11,33.12,0.155
20090518,1392.73,30.24,0.16
20090519,1398.05,28.8,0.175
20090520,1393.72,29.03,0.17
20090521,1367.39,31.35,0.175
20090522,1363.17,32.63,0.175
20090526,1412.61,30.62,0.165
20090527,1401.88,32.36,0.16
20090528,1420.31,31.67,0.135
20090529,1435.57,28.92,0.13
20090601,1477.12,30.04,0.085
20090602,1480.31,29.63,0.13
20090603,1475.44,31.02,0.13
20090604,1492.74,30.18,0.135
20090605,1493.21,29.62,0.18
20090608,1488.49,29.77,0.17
20090609,1501.55,28.27,0.175
20090610,1495.27,28.46,0.175
20090611,1497.01,28.11,0.17
20090612,1489.97,28.15,0.165
20090615,1456.96,30.81,0.155
20090616,1443.25,32.68,0.165
20090617,1455.89,31.54,0.165
20090618,1453.8,30.03,0.17
20090619,1471.23,27.99,0.17
20090622,1426.61,31.17,0.185
20090623,1424.46,30.58,0.195
20090624,1447.06,29.05,0.18
20090625,1475.82,26.36,0.165
20090626,1480.2,25.93,0.175
20090629,1483.83,25.35,0.16
20090630,1477.25,26.35,0.18
20090701,1481.34,26.22,0.165
20090702,1446.28,27.95,0.155
20090706,1441.01,29.0,0.155
20090707,1404.78,30.85,0.18
20090708,1411.53,31.3,0.175
20090709,1414.98,29.78,0.175
20090710,1419.84,29.02,0.165
20090713,1447.7,26.31,0.17
20090714,1452.84,25.02,0.175
20090715,1500.98,25.89,0.175
20090716,1518.87,25.42,0.165
20090717,1527.26,24.34,0.165
20090720,1544.0,24.4,0.16
20090721,1553.01,23.87,0.18
20090722,1565.0,23.47,0.18
20090723,1601.52,23.43,0.18
20090724,1599.06,23.09,0.18
20090727,1599.31,24.28,0.18
20090728,1605.47,25.01,0.185
20090729,1599.61,25.61,0.175
20090730,1609.87,25.4,0.175
20090731,1603.36,25.92,0.175
20090803,1628.12,25.56,0.175
20090804,1628.49,24.89,0.175
20090805,1614.44,24.9,0.175
20090806,1600.29,25.67,0.17
20090807,1619.49,24.76,0.17
20090810,1610.43,24.99,0.16
20090811,1594.69,25.99,0.18
20090812,1619.59,25.45,0.17
20090813,1628.65,24.71,0.165
20090814,1611.58,24.27,0.17
20090817,1564.89,27.89,0.17
20090818,1586.5,26.18,0.175
20090819,1596.61,26.26,0.165
20090820,1614.22,25.09,0.16
20090821,1637.78,25.01,0.16
20090824,1634.78,25.14,0.155
20090825,1639.9,24.92,0.155
20090826,1637.0,24.95,0.145
20090827,1640.97,24.68,0.14
20090828,1643.24,24.76,0.13
20090831,1625.19,26.01,0.13
20090901,1595.84,29.15,0.13
20090902,1594.28,28.9,0.13
20090903,1605.98,27.1,0.125
20090904,1638.07,25.26,0.125
20090908,1654.81,25.62,0.125
20090909,1669.23,24.32,0.135
20090910,1686.16,23.55,0.135
20090911,1685.46,24.15,0.135
20090914,1693.76,23.86,0.13
20090915,1699.53,23.42,0.125
20090916,1723.73,23.69,0.095
20090917,1721.09,23.65,0.095
20090918,1725.24,23.92,0.08
20090921,1731.58,24.06,0.09
20090922,1734.09,23.08,0.095
20090923,1724.27,23.49,0.095
20090924,1709.76,24.95,0.09
20090925,1694.15,25.61,0.09
20090928,1724.59,24.88,0.09
20090929,1717.67,25.19,0.12
20090930,1718.99,25.61,0.115
20091001,1666.41,28.27,0.095
20091002,1662.49,28.68,0.09
20091005,1675.64,26.84,0.09
20091006,1705.25,25.7,0.07
20091007,1710.45,24.68,0.06
20091008,1717.79,24.18,0.06
20091009,1727.76,23.12,0.065
20091012,1729.63,23.01,0.06
20091013,1730.27,22.99,0.06
20091014,1754.26,22.86,0.065
20091015,1753.36,21.72,0.055
20091016,1739.32,21.43,0.06
20091019,1756.68,21.49,0.06
20091020,1756.19,20.9,0.075
20091021,1753.56,22.22,0.065
20091022,1763.15,20.69,0.05
20091023,1753.63,22.27,0.05
20091026,1746.75,24.31,0.05
20091027,1722.46,24.83,0.07
20091028,1682.06,27.91,0.06
20091029,1711.27,24.76,0.05
20091030,1667.13,30.69,0.045
20091102,1672.91,29.78,0.04
20091103,1679.2,28.81,0.05
20091104,1680.67,27.72,0.045
20091105,1721.09,25.43,0.035
20091106,1730.76,24.19,0.045
20091109,1768.4,23.15,0.045
20091110,1773.17,22.84,0.06
20091111,1782.95,23.04,0.06
20091112,1773.14,24.24,0.055
20091113,1788.61,23.36,0.055
20091116,1807.56,22.89,0.055
20091117,1812.21,22.41,0.055
20091118,1801.74,21.63,0.03
20091119,1773.19,22.63,0.005
20091120,1764.39,22.19,0.01
20091123,1792.94,21.16,0.02
20091124,1786.25,20.47,0.04
20091125,1793.67,20.48,0.04
20091127,1765.46,24.85,0.025
20091130,1767.43,24.51,0.05
20091201,1787.71,21.92,0.05
20091202,1790.82,21.12,0.04
20091203,1782.91,22.46,0.04
20091204,1791.91,21.25,0.04
20091207,1783.65,22.1,0.015
20091208,1772.73,23.69,0.025
20091209,1789.7,22.66,0.025
20091210,1799.37,22.32,0.025
20091211,1792.06,21.59,0.02
20091214,1809.09,21.15,0.02
20091215,1798.21,21.49,0.04
20091216,1800.82,20.54,0.035
20091217,1778.27,22.51,0.04
20091218,1807.36,21.68,0.04
20091221,1828.79,20.49,0.045
20091222,1839.51,19.54,0.07
20091223,1851.99,19.71,0.055
20091224,1869.84,19.47,0.04
20091228,1878.18,19.93,0.055
20091229,1872.02,20.01,0.095
20091230,1878.65,19.96,0.04
20091231,1860.31,21.68,0.05
20100104,1886.7,20.04,0.055
20100105,1888.43,19.35,0.06
20100106,1878.42,19.16,0.045
20100107,1876.72,19.06,0.045
20100108,1892.59,18.13,0.04
20100111,1886.24,17.55,0.025
20100112,1861.79,18.25,0.04
20100113,1886.13,17.85,0.05
20100114,1886.52,17.63,0.045
20100115,1864.52,17.91,0.055
20100119,1895.48,17.58,0.05
20100120,1867.95,18.68,0.05
20100121,1850.57,22.27,0.04
20100122,1794.82,27.31,0.045
20100125,1802.39,25.41,0.045
20100126,1803.86,24.55,0.065
20100127,1818.9,23.14,0.07
20100128,1771.1,23.73,0.07
20100129,1741.04,24.62,0.07
20100201,1760.72,22.59,0.085
20100202,1776.92,21.48,0.09
20100203,1784.7,21.6,0.09
20100204,1732.99,26.08,0.085
20100205,1746.12,26.11,0.085
20100208,1734.88,26.51,0.09
20100209,1753.84,26.0,0.1
20100210,1749.76,25.4,0.1
20100211,1775.74,23.96,0.095
20100212,1779.11,22.73,0.09
20100216,1802.06,22.25,0.085
20100217,1810.86,21.72,0.09
20100218,1823.39,20.63,0.085
20100219,1823.32,20.02,0.095
20100222,1817.63,19.94,0.085
20100223,1793.82,21.37,0.115
20100224,1812.51,20.27,0.11
20100225,1812.91,20.1,0.115
20100226,1818.68,19.5,0.115
20100301,1846.4,19.26,0.12
20100302,1851.21,19.06,0.125
20100303,1851.57,18.83,0.135
20100304,1859.72,18.72,0.135
20100305,1888.56,17.42,0.145
20100308,1890.89,17.79,0.145
20100309,1901.38,17.92,0.15
20100310,1917.35,18.57,0.145
20100311,1923.81,18.06,0.145
20100312,1924.43,17.58,0.14
20100315,1920.09,18.0,0.145
20100316,1932.24,17.69,0.155
20100317,1936.22,16.91,0.15
20100318,1943.94,16.62,0.145
20100319,1932.43,16.97,0.145
20100322,1949.59,16.87,0.14
20100323,1963.2,16.35,0.13
20100324,1951.84,17.55,0.135
20100325,1949.15,18.4,0.13
20100326,1952.63,17.77,0.13
20100329,1961.22,17.59,0.125
20100330,1967.96,17.13,0.15
20100331,1958.34,17.59,0.15
20100401,1959.56,17.47,0.15
20100405,1977.83,17.02,0.16
20100406,1981.95,16.23,0.165
20100407,1977.3,16.62,0.16
20100408,1980.73,16.48,0.155
20100409,1994.43,16.14,0.15
20100412,1995.65,15.58,0.135
20100413,2003.81,16.2,0.15
20100414,2028.82,15.59,0.155
20100415,2038.64,15.89,0.15
20100416,2012.84,18.36,0.15
20100419,2013.53,17.34,0.15
20100420,2023.6,15.73,0.145
20100421,2034.53,16.32,0.145
20100422,2045.16,16.47,0.15
20100423,2055.33,16.62,0.155
20100426,2049.09,17.47,0.15
20100427,2006.25,22.81,0.145
20100428,2007.59,21.08,0.155
20100429,2042.89,18.44,0.16
20100430,2000.63,22.05,0.155
20100503,2031.6,20.19,0.16
20100504,1968.97,23.84,0.155
20100505,1958.26,24.91,0.145
20100506,1893.75,32.8,0.1
20100507,1849.44,40.95,0.12
20100510,1942.61,28.84,0.145
20100511,1940.48,28.32,0.15
20100512,1975.58,25.52,0.15
20100513,1945.52,26.68,0.155
20100514,1907.1,31.24,0.145
20100517,1915.45,30.84,0.15
20100518,1887.06,33.55,0.165
20100519,1873.42,35.32,0.165
20100520,1800.12,45.79,0.155
20100521,1822.77,40.1,0.15
20100524,1815.28,38.32,0.15
20100525,1815.68,34.61,0.16
20100526,1796.47,35.02,0.16
20100527,1862.71,29.68,0.16
20100528,1852.39,32.07,0.15
20100601,1835.04,35.54,0.145
20100602,1879.59,30.17,0.145
20100603,1895.66,29.46,0.13
20100604,1832.04,35.48,0.12
20100607,1798.16,36.57,0.105
20100608,1795.7,33.7,0.11
20100609,1778.92,33.73,0.095
20100610,1830.09,30.57,0.085
20100611,1847.15,28.79,0.07
20100614,1845.48,28.58,0.055
20100615,1897.48,25.87,0.08
20100616,1905.31,25.92,0.09
20100617,1910.65,25.05,0.09
20100618,1913.48,23.95,0.095
20100621,1895.84,24.88,0.105
20100622,1880.54,27.05,0.125
20100623,1874.42,26.91,0.12
20100624,1844.59,29.74,0.125
20100625,1838.52,28.53,0.125
20100628,1836.0,29.0,0.135
20100629,1764.06,34.13,0.16
20100630,1739.14,34.54,0.17
20100701,1734.41,32.86,0.165
20100702,1728.34,30.12,0.16
20100706,1734.68,29.65,0.16
20100707,1789.72,26.84,0.155
20100708,1798.31,25.71,0.145
20100709,1814.79,24.98,0.145
20100712,1821.03,24.43,0.14
20100713,1845.03,24.56,0.145
20100714,1853.41,24.89,0.145
20100715,1856.24,25.14,0.145
20100716,1803.48,26.25,0.145
20100719,1819.28,25.97,0.145
20100720,1840.67,23.93,0.15
20100721,1817.3,25.64,0.15
20100722,1863.1,24.63,0.145
20100723,1875.38,23.47,0.145
20100726,1890.4,22.73,0.145
20100727,1888.81,23.19,0.15
20100728,1872.62,24.25,0.145
20100729,1860.3,24.13,0.145
20100730,1864.0,23.5,0.14
20100802,1898.99,22.01,0.14
20100803,1891.81,22.63,0.15
20100804,1909.2,22.21,0.145
20100805,1904.95,22.1,0.14
20100806,1902.88,21.74,0.14
20100809,1915.17,22.14,0.14
20100810,1899.24,22.37,0.145
20100811,1845.38,25.39,0.145
20100812,1832.17,25.73,0.15
20100813,1818.8,26.24,0.145
20100816,1821.51,26.1,0.15
20100817,1845.37,24.33,0.155
20100818,1850.8,24.59,0.15
20100819,1823.0,26.44,0.145
20100820,1825.75,25.49,0.145
20100823,1808.31,25.66,0.15
20100824,1775.27,27.46,0.155
20100825,1790.88,26.7,0.15
20100826,1769.02,27.37,0.145
20100827,1791.64,24.45,0.14
20100830,1772.07,27.21,0.13
20100831,1767.43,26.05,0.135
20100901,1820.05,23.89,0.13
20100902,1840.58,23.19,0.125
20100903,1870.31,21.31,0.125
20100907,1856.5,23.8,0.12
20100908,1880.0,23.25,0.13
20100909,1886.14,22.81,0.135
20100910,1892.34,21.99,0.135
20100913,1921.67,21.21,0.135
20100914,1928.59,21.56,0.145
20100915,1939.6,22.1,0.15
20100916,1948.11,21.72,0.15
20100917,1955.83,22.01,0.145
20100920,1989.43,21.5,0.15
20100921,1989.11,22.35,0.155
20100922,1982.76,22.51,0.155
20100923,1982.15,23.87,0.15
20100924,2023.84,21.71,0.14
20100927,2010.99,22.54,0.13
20100928,2012.43,22.6,0.15
20100929,2009.08,23.25,0.155
20100930,1998.04,23.7,0.155
20101001,1996.6,22.5,0.15
20101004,1975.33,23.53,0.145
20101005,2024.63,21.76,0.115
20101006,2006.52,21.49,0.115
20101007,2011.63,21.56,0.115
20101008,2027.03,20.71,0.115
20101011,2026.98,18.96,0.115
20101012,2041.55,18.93,0.115
20101013,2057.25,19.07,0.13
20101014,2054.51,19.88,0.135
20101015,2097.73,19.03,0.135
20101018,2104.15,19.09,0.135
20101019,2069.73,20.63,0.135
20101020,2085.75,19.79,0.135
20101021,2090.1,19.27,0.12
20101022,2104.21,18.78,0.12
20101025,2113.55,19.85,0.115
20101026,2119.05,20.22,0.13
20101027,2125.88,20.71,0.13
20101028,2129.73,20.88,0.125
20101029,2124.45,21.2,0.11
20101101,2128.42,21.83,0.105
20101102,2151.72,21.57,0.125
20101103,2158.36,19.56,0.12
20101104,2187.8,18.52,0.115
20101105,2186.71,18.26,0.12
20101108,2188.94,18.29,0.11
20101109,2176.88,19.08,0.125
20101110,2187.74,18.47,0.125
20101111,2173.11,18.64,0.125
20101112,2137.95,20.61,0.125
20101115,2131.48,20.2,0.13
20101116,2093.63,22.58,0.135
20101117,2100.0,21.76,0.135
20101118,2134.77,18.75,0.135
20101119,2135.27,18.04,0.13
20101122,2150.86,18.37,0.125
20101123,2116.61,20.63,0.14
20101124,2160.52,19.56,0.15
20101126,2153.91,22.22,0.155
20101129,2144.56,21.53,0.155
20101130,2117.33,23.54,0.16
20101201,2162.83,21.36,0.155
20101202,2185.3,19.39,0.145
20101203,2191.17,18.01,0.13
20101206,2189.81,18.02,0.125
20101207,2189.35,17.99,0.14
20101208,2200.6,17.74,0.135
20101209,2201.57,17.25,0.135
20101210,2215.34,17.61,0.115
20101213,2207.45,17.55,0.12
20101214,2212.59,17.61,0.135
20101215,2202.45,17.94,0.135
20101216,2218.02,17.39,0.125
20101217,2218.29,16.11,0.105
20101220,2223.04,16.41,0.1
20101221,2234.57,16.49,0.13
20101222,2235.91,15.45,0.13
20101223,2230.27,16.47,0.13
20101227,2229.86,17.67,0.12
20101228,2227.42,17.52,0.14
20101229,2231.64,17.28,0.125
20101230,2225.72,17.52,0.11
20101231,2217.86,17.75,0.115
20110103,2254.23,17.61,0.12
20110104,2251.46,17.38,0.135
20110105,2270.4,17.02,0.135
20110106,2277.51,17.4,0.14
20110107,2276.7,17.14,0.135
20110110,2284.38,17.54,0.135
20110111,2288.73,16.89,0.145
20110112,2304.88,16.24,0.145
20110113,2305.53,16.39,0.14
20110114,2323.43,15.46,0.145
20110118,2328.79,15.87,0.145
20110119,2303.32,17.31,0.155
20110120,2286.08,17.99,0.155
20110121,2268.32,18.47,0.15
20110124,2300.39,17.65,0.15
20110125,2304.03,17.59,0.15
20110126,2314.19,16.64,0.155
20110127,2330.07,16.15,0.14
20110128,2270.51,20.04,0.135
20110131,2281.91,19.53,0.145
20110201,2324.95,17.63,0.15
20110202,2321.09,17.3,0.15
20110203,2323.07,16.69,0.145
20110204,2338.2,15.93,0.145
20110207,2349.2,16.28,0.14
20110208,2363.61,15.81,0.145
20110209,2360.95,15.87,0.13
20110210,2364.35,16.09,0.11
20110211,2379.15,15.69,0.11
20110214,2385.6,15.95,0.11
20110215,2381.92,16.37,0.125
20110216,2397.94,16.72,0.11
20110217,2397.57,16.59,0.09
20110218,2392.47,16.43,0.09
20110222,2322.86,20.8,0.1
20110223,2300.94,22.13,0.115
20110224,2313.31,21.32,0.12
20110225,2346.29,19.22,0.125
20110228,2350.99,18.35,0.135
20110301,2315.26,21.01,0.13
20110302,2326.77,20.7,0.12
20110303,2371.76,18.6,0.125
20110304,2359.96,19.06,0.11
20110307,2328.07,20.66,0.1
20110308,2337.55,19.82,0.105
20110309,2322.69,20.22,0.095
20110310,2284.29,21.88,0.065
20110311,2299.26,20.08,0.07
20110314,2290.72,21.13,0.075
20110315,2259.62,24.32,0.095
20110316,2202.97,29.4,0.085
20110317,2225.24,26.37,0.07
20110318,2221.07,24.44,0.065
20110321,2262.7,20.61,0.07
20110322,2257.96,20.21,0.09
20110323,2270.5,19.17,0.085
20110324,2312.09,18.0,0.08
20110325,2316.36,17.91,0.08
20110328,2303.1,19.44,0.08
20110329,2325.54,18.16,0.095
20110330,2336.52,17.71,0.095
20110331,2338.99,17.74,0.09
20110401,2342.92,17.4,0.055
20110404,2334.54,17.5,0.035
20110405,2327.87,17.25,0.065
20110406,2332.34,16.9,0.05
20110407,2332.88,17.11,0.035
20110408,2321.18,17.87,0.035
20110411,2314.5,16.59,0.035
20110412,2298.3,17.09,0.045
20110413,2316.63,16.92,0.05
20110414,2311.25,16.27,0.065
20110415,2307.58,15.32,0.06
20110418,2292.34,16.96,0.055
20110419,2306.77,15.83,0.055
20110420,2357.76,15.07,0.055
20110421,2377.3,14.69,0.045
20110425,2383.72,15.77,0.045
20110426,2396.03,15.62,0.055
20110427,2413.59,15.35,0.05
20110428,2409.9,14.62,0.035
20110429,2404.08,14.75,0.04
20110502,2404.24,15.99,0.03
20110503,2392.8,16.7,0.025
20110504,2387.51,17.08,0.02
20110505,2375.21,18.2,0.01
20110506,2383.18,18.4,0.005
20110509,2390.97,17.16,0.005
20110510,2411.35,15.91,0.025
20110511,2393.08,16.95,0.02
20110512,2407.89,16.03,0.02
20110513,2379.24,17.07,0.02
20110516,2337.85,18.24,0.02
20110517,2343.51,17.55,0.035
20110518,2362.95,16.23,0.04
20110519,2369.67,15.52,0.04
20110520,2351.43,17.43,0.04
20110523,2316.78,18.27,0.045
20110524,2303.55,17.82,0.05
20110525,2310.95,17.07,0.045
20110526,2325.93,16.09,0.045
20110527,2336.09,15.98,0.035
20110531,2372.54,15.45,0.04
20110601,2322.48,18.3,0.04
20110602,2326.7,18.09,0.035
20110603,2292.31,17.95,0.03
20110606,2274.48,18.49,0.03
20110607,2268.96,18.07,0.04
20110608,2252.89,18.79,0.035
20110609,2256.65,17.77,0.04
20110610,2221.09,18.86,0.035
20110613,2222.28,19.61,0.04
20110614,2250.34,18.26,0.05
20110615,2209.01,21.32,0.045
20110616,2199.93,22.73,0.035
20110617,2192.96,21.85,0.025
20110620,2204.36,19.99,0.015
20110621,2251.82,18.86,0.02
20110622,2235.75,18.52,0.01
20110623,2255.05,19.29,0.005
20110624,2217.06,21.1,0.01
20110627,2252.24,20.56,0.015
20110628,2285.75,19.17,0.025
20110629,2294.43,17.27,0.02
20110630,2325.07,16.52,0.015
20110701,2361.39,15.87,0.01
20110705,2371.21,16.06,0.01
20110706,2378.58,16.34,0.005
20110707,2412.89,15.95,0.02
20110708,2405.89,15.95,0.02
20110711,2362.0,18.39,0.015
20110712,2343.79,19.87,0.03
20110713,2352.43,19.91,0.005
20110714,2325.06,20.8,0.005
20110715,2356.67,19.53,0.005
20110718,2344.01,20.95,0.005
20110719,2398.17,19.21,0.025
20110720,2387.8,19.09,0.02
20110721,2404.24,17.56,0.035
20110722,2429.5,17.52,0.03
20110725,2424.15,19.35,0.035
20110726,2429.45,20.23,0.065
20110727,2367.16,22.98,0.07
20110728,2371.77,23.74,0.065
20110729,2362.81,25.25,0.09
20110801,2354.05,23.66,0.075
20110802,2292.85,24.79,0.05
20110803,2312.78,23.38,0.01
20110804,2207.2,31.66,0.01
20110805,2194.38,32.0,0.01
20110808,2060.29,48.0,0.015
20110809,2160.79,35.06,0.03
20110810,2073.09,42.99,0.015
20110811,2167.07,39.0,0.01
20110812,2182.05,36.36,0.005
20110815,2214.12,31.87,0.005
20110816,2194.27,32.85,0.02
20110817,2181.62,31.58,0.005
20110818,2073.03,42.67,0.01
20110819,2038.22,43.05,0.01
20110822,2044.73,42.44,0.005
20110823,2129.27,36.27,0.005
20110824,2145.04,35.9,0.01
20110825,2108.21,39.76,0.01
20110826,2161.97,35.59,0.01
20110829,2223.96,32.28,0.005
20110830,2237.69,32.89,0.015
20110831,2241.01,31.62,0.015
20110901,2219.05,31.82,0.01
20110902,2167.83,33.92,0.015
20110906,2167.6,37.0,0.015
20110907,2223.75,33.38,0.015
20110908,2214.29,34.32,0.01
20110909,2163.66,38.52,0.005
20110912,2191.84,38.59,0.005
20110913,2220.58,36.91,0.005
20110914,2252.75,34.6,0.005
20110915,2286.56,31.97,0.005
20110916,2306.09,30.98,0.005
20110919,2308.76,32.73,0.005
20110920,2295.89,32.86,0.005
20110921,2258.3,37.32,0.005
20110922,2184.59,41.35,0.005
20110923,2206.86,41.25,0.005
20110926,2234.28,39.02,0.005
20110927,2253.55,37.71,0.01
20110928,2220.84,41.08,0.01
20110929,2197.68,38.84,0.01
20110930,2139.18,42.96,0.01
20111003,2085.04,45.45,0.02
20111004,2129.21,40.82,0.005
20111005,2182.77,37.81,0.005
20111006,2217.99,36.27,0.005
20111007,2202.76,36.2,0.005
20111010,2278.65,33.02,0.005
20111011,2294.92,32.86,0.005
20111012,2307.18,31.26,0.015
20111013,2326.88,30.7,0.015
20111014,2371.94,28.24,0.015
20111017,2334.38,33.39,0.02
20111018,2364.87,31.56,0.025
20111019,2316.81,34.44,0.02
20111020,2306.29,34.78,0.015
20111021,2335.93,31.32,0.015
20111024,2384.42,29.26,0.005
20111025,2335.87,32.22,0.015
20111026,2334.79,29.86,0.015
20111027,2399.83,25.46,0.01
20111028,2401.29,24.53,0.01
20111031,2360.08,29.96,0.005
20111101,2298.37,34.77,0.005
20111102,2318.32,32.74,0.005
20111103,2367.71,30.5,0.005
20111104,2356.32,30.16,0.005
20111107,2371.04,29.85,0.005
20111108,2400.01,27.48,0.005
20111109,2314.1,36.16,0.005
20111110,2312.07,32.81,0.005
20111111,2355.78,30.04,0.005
20111114,2341.32,31.13,0.005
20111115,2366.24,31.22,0.01
20111116,2324.37,33.51,0.005
20111117,2272.09,34.51,0.005
20111118,2253.95,32.0,0.005
20111121,2211.14,32.91,0.005
20111122,2216.33,31.97,0.015
20111123,2166.54,33.98,0.015
20111125,2150.88,34.47,0.005
20111128,2224.22,32.13,0.01
20111129,2211.39,30.64,0.015
20111130,2295.2,27.8,0.015
20111201,2309.2,27.41,0.015
20111202,2302.04,27.52,0.015
20111205,2326.95,27.84,0.015
20111206,2321.49,28.13,0.005
20111207,2320.54,28.67,0.005
20111208,2282.59,30.59,0.005
20111209,2318.68,26.38,0.005
20111212,2292.24,25.67,0.005
20111213,2268.37,25.41,0.005
20111214,2233.03,26.04,0.005
20111215,2226.71,25.11,0.005
20111216,2238.18,24.29,0.005
20111219,2215.27,24.92,0.005
20111220,2281.94,23.22,0.005
20111221,2249.03,21.43,0.005
20111222,2266.77,21.16,0.005
20111223,2287.57,20.73,0.005
20111227,2293.12,21.91,0.005
20111228,2267.08,23.52,0.005
20111229,2285.07,22.65,0.005
20111230,2277.83,23.4,0.005
20120103,2321.96,22.97,0.005
20120104,2329.71,22.22,0.01
20120105,2348.98,21.48,0.01
20120106,2356.17,20.63,0.015
20120109,2350.65,21.07,0.005
20120110,2367.38,20.69,0.01
20120111,2372.25,21.05,0.015
20120112,2381.99,20.47,0.02
20120113,2371.98,20.91,0.02
20120117,2393.24,22.2,0.02
20120118,2425.96,20.89,0.025
20120119,2441.7,19.87,0.04
20120120,2437.02,18.28,0.04
20120123,2437.22,18.67,0.035
20120124,2433.96,18.91,0.035
20120125,2465.66,18.31,0.035
20120126,2454.63,18.57,0.045
20120127,2461.77,18.53,0.05
20120130,2465.32,19.4,0.045
20120131,2467.95,19.44,0.055
20120201,2488.18,18.55,0.055
20120202,2495.83,17.98,0.075
20120203,2529.17,17.1,0.07
20120206,2528.3,17.76,0.065
20120207,2532.06,17.65,0.08
20120208,2545.72,18.16,0.075
20120209,2563.93,18.63,0.085
20120210,2547.32,20.79,0.08
20120213,2569.49,19.04,0.095
20120214,2575.24,19.54,0.11
20120215,2556.01,21.14,0.105
20120216,2592.29,19.22,0.095
20120217,2584.24,17.78,0.075
20120221,2590.24,18.19,0.07
20120222,2579.78,18.19,0.08
20120223,2594.93,16.8,0.085
20120224,2604.21,17.31,0.09
20120227,2606.76,18.19,0.1
20120228,2633.46,17.96,0.095
20120229,2623.1,18.43,0.075
20120301,2643.54,17.26,0.07
20120302,2641.58,17.29,0.06
20120305,2614.92,18.05,0.06
20120306,2588.95,20.87,0.07
20120307,2607.85,19.07,0.075
20120308,2637.18,17.95,0.075
20120309,2646.85,17.11,0.08
20120312,2646.85,15.64,0.075
20120313,2697.43,14.8,0.08
20120314,2708.41,15.31,0.08
20120315,2714.79,15.42,0.075
20120316,2712.78,14.47,0.08
20120319,2733.26,15.04,0.075
20120320,2737.63,15.58,0.095
20120321,2736.88,15.13,0.085
20120322,2731.5,15.57,0.07
20120323,2728.55,14.82,0.07
20120326,2778.02,14.26,0.07
20120327,2782.12,15.59,0.08
20120328,2770.97,15.47,0.075
20120329,2762.05,15.48,0.055
20120330,2755.27,15.5,0.065
20120402,2784.42,15.64,0.06
20120403,2782.78,15.66,0.075
20120404,2745.0,16.44,0.07
20120405,2762.5,16.7,0.07
20120409,2739.98,18.81,0.075
20120410,2695.12,20.39,0.085
20120411,2708.13,20.02,0.085
20120412,2740.26,17.2,0.085
20120413,2698.99,19.55,0.08
20120416,2670.1,19.55,0.075
20120417,2723.58,18.46,0.075
20120418,2716.14,18.64,0.065
20120419,2686.82,18.36,0.065
20120420,2676.04,17.44,0.065
20120423,2653.5,18.97,0.07
20120424,2638.73,18.1,0.08
20120425,2709.62,16.82,0.085
20120426,2725.23,16.24,0.085
20120427,2741.34,16.32,0.085
20120430,2723.68,17.15,0.09
20120501,2726.92,16.6,0.085
20120502,2734.77,16.88,0.08
20120503,2704.59,17.56,0.075
20120504,2637.92,19.16,0.07
20120507,2639.28,18.94,0.075
20120508,2629.87,19.05,0.09
20120509,2621.35,20.08,0.09
20120510,2616.24,18.83,0.09
20120511,2615.98,19.89,0.09
20120514,2590.28,21.87,0.085
20120515,2580.75,21.97,0.09
20120516,2561.56,22.27,0.095
20120517,2509.05,24.49,0.09
20120518,2478.53,25.1,0.075
20120521,2545.43,22.01,0.06
20120522,2539.2,22.48,0.085
20120523,2547.08,22.33,0.08
20120524,2531.35,21.54,0.09
20120525,2527.05,21.76,0.08
20120529,2558.97,21.03,0.075
20120530,2537.4,24.14,0.065
20120531,2524.87,24.06,0.06
20120601,2458.83,26.66,0.065
20120604,2478.13,26.12,0.065
20120605,2487.5,24.68,0.08
20120606,2546.32,22.16,0.08
20120607,2535.41,21.72,0.08
20120608,2559.21,21.23,0.08
20120611,2517.18,23.56,0.075
20120612,2546.2,22.09,0.09
20120613,2527.44,24.27,0.09
20120614,2539.97,21.68,0.095
20120615,2571.23,21.11,0.085
20120618,2592.52,18.32,0.075
20120619,2620.83,18.38,0.09
20120620,2623.33,17.24,0.08
20120621,2556.96,20.08,0.075
20120622,2585.53,18.11,0.075
20120625,2533.54,20.38,0.075
20120626,2549.84,19.72,0.095
20120627,2565.53,19.45,0.08
20120628,2536.65,19.71,0.075
20120629,2615.72,17.08,0.08
20120702,2625.03,16.8,0.07
20120703,2645.84,16.66,0.075
20120705,2647.47,17.5,0.075
20120706,2612.29,17.1,0.07
20120709,2610.31,17.98,0.07
20120710,2585.52,18.72,0.09
20120711,2570.99,17.95,0.09
20120712,2545.3,18.33,0.095
20120713,2584.97,16.74,0.09
20120716,2577.05,17.11,0.085
20120717,2591.65,16.48,0.095
20120718,2625.87,16.16,0.085
20120719,2655.81,15.45,0.08
20120720,2618.04,16.27,0.085
20120723,2589.93,18.62,0.09
20120724,2567.46,20.47,0.095
20120725,2549.2,19.34,0.095
20120726,2584.85,17.53,0.1
20120727,2647.03,16.7,0.1
20120730,2642.12,18.03,0.09
20120731,2642.53,18.93,0.1
20120801,2635.13,18.96,0.09
20120802,2625.52,17.57,0.085
20120803,2676.0,15.64,0.075
20120806,2694.09,15.95,0.075
20120807,2717.16,15.99,0.1
20120808,2714.02,15.32,0.105
20120809,2719.61,15.28,0.11
20120810,2722.96,14.74,0.095
20120813,2728.68,13.7,0.095
20120814,2727.79,14.85,0.105
20120815,2735.47,14.63,0.08
20120816,2768.09,14.29,0.075
20120817,2780.3,13.45,0.08
20120820,2784.33,14.02,0.085
20120821,2772.2,15.02,0.105
20120822,2783.42,15.11,0.1
20120823,2762.02,15.96,0.095
20120824,2778.05,15.18,0.09
20120827,2782.55,16.35,0.095
20120828,2782.69,16.49,0.1
20120829,2784.0,17.06,0.095
20120830,2753.74,17.83,0.09
20120831,2772.24,17.47,0.085
20120904,2772.03,17.98,0.09
20120905,2766.95,17.74,0.1
20120906,2829.71,15.6,0.1
20120907,2825.11,14.38,0.1
20120910,2788.35,16.28,0.095
20120911,2784.89,16.41,0.1
20120912,2791.68,15.8,0.095
20120913,2831.35,14.05,0.095
20120914,2855.23,14.51,0.095
20120917,2856.44,14.59,0.09
20120918,2857.38,14.18,0.1
20120919,2864.03,13.88,0.105
20120920,2861.7,14.07,0.105
20120921,2861.64,13.98,0.1
20120924,2843.98,14.15,0.095
20120925,2804.53,15.43,0.105
20120926,2781.63,16.81,0.1
20120927,2821.6,14.84,0.085
20120928,2799.19,15.73,0.09
20121001,2794.28,16.32,0.08
20121002,2799.29,15.71,0.09
20121003,2818.84,15.43,0.085
20121004,2828.6,14.55,0.095
20121005,2811.94,14.33,0.1
20121008,2786.92,15.11,0.095
20121009,2741.92,16.37,0.095
20121010,2728.54,16.29,0.095
20121011,2719.21,15.59,0.095
20121012,2720.14,16.14,0.1
20121015,2739.87,15.27,0.095
20121016,2778.38,15.22,0.1
20121017,2775.62,15.07,0.105
20121018,2744.17,15.03,0.095
20121019,2678.32,17.06,0.09
20121022,2694.56,16.62,0.09
20121023,2666.02,18.83,0.1
20121024,2655.55,18.33,0.105
20121025,2657.66,18.12,0.11
20121026,2665.83,17.81,0.105
20121031,2647.92,18.6,0.105
20121101,2687.52,16.69,0.09
20121102,2656.28,17.59,0.09
20121105,2672.91,18.42,0.09
20121106,2681.05,17.58,0.1
20121107,2612.69,19.08,0.09
20121108,2572.57,18.49,0.085
20121109,2584.1,18.61,0.09
20121112,2582.77,16.68,0.087
20121113,2561.86,16.65,0.085
20121114,2531.87,17.92,0.095
20121115,2524.36,17.99,0.075
20121116,2534.16,16.41,0.075
20121119,2595.83,15.24,0.075
20121120,2594.66,15.08,0.085
20121121,2600.48,15.31,0.09
20121123,2639.59,15.14,0.09
20121126,2651.67,15.5,0.09
20121127,2641.42,15.92,0.095
20121128,2665.27,15.51,0.092
20121129,2680.03,15.06,0.08
20121130,2677.88,15.87,0.075
20121203,2671.84,16.64,0.077
20121204,2667.89,17.12,0.09
20121205,2637.89,16.46,0.09
20121206,2656.3,16.58,0.09
20121207,2640.54,15.9,0.08
20121210,2647.57,16.05,0.075
20121211,2682.07,15.57,0.075
20121212,2674.57,15.95,0.06
20121213,2654.01,16.56,0.052
20121214,2628.09,17.0,0.025
20121217,2664.26,16.34,0.022
20121218,2705.39,15.57,0.055
20121219,2690.99,17.36,0.045
20121220,2693.55,17.67,0.05
20121221,2664.67,17.84,0.05
20121224,2658.05,17.84,0.05
20121226,2637.18,19.48,0.055
20121227,2632.94,19.47,0.07
20121228,2606.36,22.72,0.01
20121231,2660.93,18.02,0.035
20130102,2746.47,14.68,0.055
20130103,2732.26,14.56,0.065
20130104,2724.49,13.83,0.065
20130107,2724.22,13.79,0.058
20130108,2718.72,13.62,0.06
20130109,2727.65,13.81,0.055
20130110,2744.18,13.49,0.055
20130111,2748.26,13.36,0.063
20130114,2735.7,13.52,0.06
20130115,2722.98,13.55,0.08
20130116,2734.73,13.42,0.072
20130117,2747.15,13.57,0.07
20130118,2743.24,12.46,0.07
20130122,2746.19,12.43,0.06
20130123,2762.17,12.46,0.07
20130124,2723.53,12.69,0.075
20130125,2736.73,12.89,0.07
20130128,2742.43,13.57,0.06
20130129,2743.58,13.31,0.063
20130130,2738.71,14.32,0.06
20130131,2731.53,14.28,0.065
20130201,2763.96,12.9,0.06
20130204,2715.68,14.67,0.055
20130205,2754.99,13.72,0.07
20130206,2746.35,13.41,0.065
20130207,2746.5,13.5,0.065
20130208,2775.56,13.02,0.065
20130211,2774.64,12.94,0.065
20130212,2762.62,12.64,0.083
20130213,2773.77,12.98,0.085
20130214,2771.43,12.66,0.095
20130215,2764.67,12.46,0.095
20130219,2782.86,12.31,0.1
20130220,2739.99,14.68,0.115
20130221,2711.51,15.22,0.12
20130222,2737.28,14.17,0.12
20130225,2700.97,18.99,0.115
20130226,2713.02,16.87,0.11
20130227,2741.26,14.73,0.1
20130228,2738.58,15.51,0.1
20130301,2747.75,15.36,0.1
20130304,2759.53,14.01,0.085
20130305,2799.25,13.48,0.085
20130306,2792.56,13.53,0.092
20130307,2799.49,13.06,0.09
20130308,2804.11,12.59,0.087
20130311,2811.86,11.56,0.087
20130312,2800.81,12.27,0.092
20130313,2798.68,11.83,0.085
20130314,2807.3,11.3,0.09
20130315,2799.41,11.3,0.083
20130318,2792.3,13.36,0.072
20130319,2787.27,14.39,0.07
20130320,2805.91,12.67,0.063
20130321,2774.85,13.99,0.06
20130322,2800.81,13.57,0.065
20130325,2789.45,13.74,0.058
20130326,2806.5,12.77,0.072
20130327,2809.98,13.15,0.08
20130328,2818.69,12.7,0.065
20130401,2797.07,13.58,0.065
20130402,2820.62,12.78,0.068
20130403,2795.04,14.21,0.055
20130404,2794.92,13.89,0.065
20130405,2771.75,13.92,0.06
20130408,2786.13,13.19,0.055
20130409,2804.67,12.84,0.063
20130410,2859.21,12.36,0.065
20130411,2859.07,12.24,0.063
20130412,2856.48,12.06,0.055
20130415,2797.47,17.27,0.055
20130416,2838.41,13.96,0.052
20130417,2781.98,16.51,0.05
20130418,2741.95,17.56,0.05
20130419,2780.46,14.97,0.045
20130422,2810.07,14.39,0.045
20130423,2835.37,13.48,0.045
20130424,2834.12,13.61,0.048
20130425,2848.66,13.62,0.05
20130426,2840.55,13.61,0.045
20130429,2866.95,13.71,0.045
20130430,2887.44,13.52,0.045
20130501,2873.35,14.49,0.05
20130502,2911.14,13.59,0.05
20130503,2944.59,12.85,0.045
20130506,2955.36,12.66,0.03
20130507,2952.88,12.83,0.035
20130508,2968.24,12.66,0.035
20130509,2961.12,13.13,0.035
20130510,2981.02,12.59,0.035
20130513,2982.09,12.55,0.035
20130514,2996.05,12.77,0.04
20130515,3002.62,12.81,0.037
20130516,2999.34,13.07,0.025
20130517,3028.96,12.45,0.03
20130520,3020.97,13.02,0.035
20130521,3026.45,13.37,0.04
20130522,2999.13,13.82,0.035
20130523,2991.45,14.07,0.04
20130524,2991.02,13.99,0.037
20130528,3011.94,14.48,0.035
20130529,2994.82,14.83,0.04
20130530,3011.83,14.53,0.025
20130531,2981.76,16.3,0.03
20130603,2990.79,16.28,0.03
20130604,2973.69,16.27,0.04
20130605,2937.14,17.5,0.045
20130606,2950.3,16.63,0.045
20130607,2990.87,15.14,0.04
20130610,2990.49,15.44,0.04
20130611,2959.84,17.07,0.045
20130612,2926.14,18.59,0.04
20130613,2962.9,16.41,0.043
20130614,2943.86,17.15,0.04
20130617,2971.26,16.8,0.04
20130618,2996.09,16.61,0.045
20130619,2959.5,16.64,0.04
20130620,2890.33,20.49,0.04
20130621,2877.94,18.9,0.04
20130624,2848.2,20.11,0.04
20130625,2866.5,18.47,0.058
20130626,2893.85,17.21,0.055
20130627,2906.84,16.86,0.045
20130628,2909.6,16.86,0.03
20130701,2927.35,16.37,0.01
20130702,2929.63,16.44,0.035
20130703,2941.41,16.2,0.035
20130705,2963.22,14.89,0.035
20130708,2966.13,14.78,0.035
20130709,2984.32,14.35,0.035
20130710,3000.66,14.21,0.03
20130711,3059.46,14.01,0.03
20130712,3079.07,13.84,0.03
20130715,3079.85,13.79,0.02
20130716,3077.47,14.42,0.035
20130717,3085.28,13.78,0.025
20130718,3077.82,13.77,0.022
20130719,3044.93,12.54,0.02
20130722,3055.23,12.29,0.005
20130723,3031.4,12.66,0.02
20130724,3041.16,13.18,0.02
20130725,3061.67,12.97,0.015
20130726,3076.23,12.72,0.015
20130729,3068.95,13.39,0.02
20130730,3085.33,13.39,0.03
20130731,3090.19,13.45,0.03
20130801,3126.3,12.94,0.035
20130802,3143.52,11.98,0.03
20130805,3143.19,11.84,0.035
20130806,3122.2,12.72,0.04
20130807,3118.69,12.98,0.04
20130808,3130.13,12.73,0.045
20130809,3118.57,13.41,0.048
20130812,3125.93,12.81,0.048
20130813,3141.06,12.31,0.052
20130814,3129.45,13.04,0.05
20130815,3076.23,14.73,0.045
20130816,3073.91,14.37,0.04
20130819,3069.76,15.1,0.04
20130820,3082.17,14.91,0.045
20130821,3071.47,15.94,0.033
20130822,3101.82,14.76,0.02
20130823,3124.27,13.98,0.022
20130826,3122.67,14.99,0.013
20130827,3059.58,16.77,0.033
20130828,3072.17,16.49,0.03
20130829,3093.36,16.81,0.02
20130830,3073.81,17.01,0.02
20130903,3091.76,16.61,0.015
20130904,3124.54,15.88,0.015
20130905,3129.94,15.77,0.015
20130906,3133.38,15.85,0.015
20130909,3169.93,15.63,0.01
20130910,3185.07,14.53,0.015
20130911,3179.86,13.82,0.015
20130912,3175.57,14.29,0.01
20130913,3178.28,14.16,0.01
20130916,3168.69,14.38,0.003
20130917,3190.83,14.53,0.005
20130918,3231.31,13.59,0.005
20130919,3237.61,13.16,0.005
20130920,3224.73,13.12,0.005
20130923,3219.34,14.31,0.005
20130924,3218.66,14.08,0.015
20130925,3208.55,14.01,0.015
20130926,3234.04,14.06,0.003
20130927,3230.3,15.46,0.005
20130930,3218.2,16.6,0.005
20131001,3253.05,15.54,0.013
20131002,3253.26,16.6,0.01
20131003,3213.83,17.67,0.02
20131004,3242.57,16.74,0.018
20131007,3215.69,19.41,0.018
20131008,3153.87,20.34,0.045
20131009,3142.54,19.6,0.037
20131010,3210.84,16.48,0.04
20131011,3233.83,15.72,0.063
20131014,3256.02,16.07,0.058
20131015,3244.66,18.66,0.092
20131016,3281.67,14.71,0.092
20131017,3301.28,13.48,0.037
20131018,3353.88,13.04,0.025
20131021,3361.18,13.16,0.025
20131022,3366.93,13.33,0.033
20131023,3346.05,13.42,0.03
20131024,3362.38,13.2,0.03
20131025,3383.83,13.09,0.03
20131028,3382.68,13.31,0.02
20131029,3391.75,13.41,0.04
20131030,3385.38,13.65,0.035
20131031,3377.73,13.75,0.033
20131101,3379.76,13.28,0.033
20131104,3384.75,12.93,0.033
20131105,3388.82,13.27,0.045
20131106,3385.38,12.67,0.045
20131107,3321.41,13.91,0.048
20131108,3366.84,12.9,0.052
20131111,3362.98,12.53,0.052
20131112,3365.23,12.82,0.058
20131113,3405.56,12.52,0.07
20131114,3415.14,12.37,0.068
20131115,3422.58,12.19,0.07
20131118,3388.87,13.1,0.065
20131119,3378.13,13.39,0.08
20131120,3367.17,13.4,0.077
20131121,3402.74,12.66,0.07
20131122,3422.02,12.26,0.065
20131125,3427.49,12.79,0.06
20131126,3445.76,12.81,0.068
20131127,3470.48,12.98,0.063
20131129,3487.82,13.7,0.055
20131202,3481.15,14.23,0.05
20131203,3479.34,14.55,0.035
20131204,3483.01,14.7,0.052
20131205,3477.73,15.08,0.048
20131206,3504.26,13.79,0.052
20131209,3516.17,13.49,0.052
20131210,3514.2,13.91,0.07
20131211,3468.99,15.42,0.068
20131212,3460.29,15.54,0.063
20131213,3456.4,15.76,0.06
20131216,3475.79,16.03,0.058
20131217,3469.32,16.21,0.063
20131218,3509.63,13.8,0.06
20131219,3498.63,14.15,0.058
20131220,3531.19,13.79,0.055
20131223,3569.4,13.04,0.058
20131224,3572.8,12.48,0.068
20131226,3584.58,12.33,0.06
20131227,3574.02,12.46,0.058
20131230,3570.08,13.56,0.055
20131231,3592.0,13.72,0.063
20140102,3563.57,14.23,0.058
20140103,3538.73,13.76,0.058
20140106,3526.96,13.55,0.045
20140107,3557.85,12.92,0.043
20140108,3567.54,12.87,0.04
20140109,3552.58,12.89,0.033
20140110,3565.08,12.14,0.033
20140113,3512.8,13.28,0.03
20140114,3580.65,12.28,0.033
20140115,3609.84,12.28,0.035
20140116,3611.29,12.53,0.03
20140117,3591.25,12.44,0.03
20140121,3617.7,12.87,0.028
20140122,3627.72,12.84,0.03
20140123,3613.76,13.77,0.03
20140124,3541.48,18.14,0.033
20140127,3509.02,17.42,0.048
20140128,3505.72,15.8,0.045
20140129,3467.82,17.35,0.04
20140130,3532.41,17.29,0.015
20140131,3521.92,18.41,0.01
20140203,3440.5,21.44,0.02
20140204,3470.2,19.11,0.055
20140205,3454.9,19.95,0.055
20140206,3497.6,17.23,0.06
20140207,3561.91,15.29,0.072
20140210,3582.11,15.26,0.055
20140211,3621.72,14.51,0.045
20140212,3627.36,14.3,0.043
20140213,3659.56,14.14,0.025
20140214,3663.88,13.57,0.01
20140218,3679.43,13.87,0.015
20140219,3652.85,15.5,0.045
20140220,3671.93,14.79,0.04
20140221,3662.6,14.68,0.035
20140224,3685.81,14.23,0.033
20140225,3679.14,13.67,0.04
20140226,3676.6,14.35,0.04
20140227,3699.8,14.04,0.035
20140228,3696.1,14.0,0.043
20140303,3668.37,16.0,0.043
20140304,3719.93,14.1,0.048
20140305,3727.19,13.89,0.05
20140306,3720.93,14.21,0.045
20140307,3703.4,14.11,0.045
20140310,3706.34,14.2,0.04
20140311,3691.5,14.8,0.045
20140312,3707.06,14.47,0.04
20140313,3651.49,16.22,0.04
20140314,3627.87,17.82,0.04
20140317,3662.51,15.64,0.043
20140318,3706.62,14.52,0.05
20140319,3682.74,15.12,0.05
20140320,3693.97,14.52,0.052
20140321,3653.07,15.0,0.045
20140324,3617.39,15.09,0.043
20140325,3629.73,14.02,0.045
20140326,3582.89,14.93,0.037
20140327,3563.13,14.62,0.033
20140328,3571.49,14.41,0.033
20140331,3595.74,13.88,0.028
20140401,3658.4,13.1,0.03
20140402,3665.99,13.09,0.018
20140403,3637.58,13.37,0.015
20140404,3539.38,13.96,0.02
20140407,3507.75,15.57,0.02
20140408,3538.23,14.89,0.025
20140409,3600.44,13.82,0.028
20140410,3487.76,15.89,0.028
20140411,3446.85,17.03,0.03
20140414,3474.63,16.11,0.03
20140415,3487.85,15.61,0.03
20140416,3533.09,14.18,0.025
20140417,3534.53,13.36,0.025
20140421,3559.95,13.25,0.025
20140422,3588.81,13.19,0.025
20140423,3557.04,13.27,0.015
20140424,3591.03,13.32,0.007
20140425,3533.1,14.06,0.007
20140428,3545.03,13.97,0.003
20140429,3573.99,13.71,0.015
20140430,3582.02,13.41,0.02
20140501,3594.36,13.25,0.018
20140502,3587.64,12.91,0.015
20140505,3605.09,13.29,0.015
20140506,3556.51,13.8,0.02
20140507,3546.47,13.4,0.02
20140508,3540.42,13.43,0.022
20140509,3555.7,12.92,0.022
20140512,3612.73,12.23,0.02
20140513,3611.13,12.13,0.02
20140514,3593.25,12.17,0.02
20140515,3565.17,13.17,0.018
20140516,3587.2,12.44,0.015
20140519,3615.62,12.42,0.018
20140520,3600.31,12.96,0.025
20140521,3635.61,11.91,0.025
20140522,3650.86,12.03,0.028
20140523,3677.33,11.36,0.028
20140527,3723.07,11.51,0.028
20140528,3712.26,11.68,0.028
20140529,3735.72,11.57,0.03
20140530,3736.82,11.4,0.03
20140602,3732.96,11.58,0.025
20140603,3730.07,11.87,0.03
20140604,3743.59,12.08,0.03
20140605,3776.95,11.68,0.03
20140606,3794.57,10.73,0.028
20140609,3795.74,11.15,0.03
20140610,3800.86,10.99,0.035
20140611,3797.85,11.6,0.033
20140612,3763.8,12.56,0.033
20140613,3775.56,12.18,0.03
20140616,3779.93,12.65,0.025
20140617,3781.32,12.06,0.033
20140618,3804.61,10.61,0.018
20140619,3800.8,10.62,0.01
20140620,3802.64,10.85,0.01
20140623,3805.31,10.98,0.005
20140624,3799.53,12.13,0.022
20140625,3827.33,11.59,0.02
20140626,3826.91,11.63,0.025
20140627,3844.44,11.26,0.018
20140630,3849.48,11.57,0.02
20140701,3894.33,11.15,0.025
20140702,3899.27,10.82,0.007
20140703,3923.01,10.32,0.003
20140707,3910.71,11.33,0.007
20140708,3864.07,11.98,0.025
20140709,3892.91,11.65,0.015
20140710,3880.04,12.59,0.015
20140711,3904.58,12.08,0.015
20140714,3929.46,11.82,0.015
20140715,3914.46,11.96,0.02
20140716,3932.33,11.0,0.018
20140717,3878.01,14.54,0.007
20140718,3939.89,12.06,0.01
20140721,3934.14,12.81,0.013
20140722,3961.62,12.24,0.02
20140723,3986.19,11.52,0.02
20140724,3983.19,11.84,0.02
20140725,3965.17,12.69,0.02
20140728,3967.24,12.56,0.025
20140729,3959.03,13.28,0.028
20140730,3976.07,13.33,0.028
20140731,3892.5,16.95,0.018
20140801,3879.67,17.03,0.018
20140804,3908.77,15.12,0.015
20140805,3874.94,16.87,0.025
20140806,3874.27,16.37,0.02
20140807,3857.94,16.66,0.02
20140808,3888.09,15.77,0.02
20140811,3910.46,14.23,0.025
20140812,3905.23,14.13,0.025
20140813,3949.2,12.9,0.03
20140814,3969.11,12.42,0.028
20140815,3987.51,13.15,0.022
20140818,4020.5,12.32,0.022
20140819,4040.13,12.21,0.025
20140820,4040.71,11.78,0.025
20140821,4047.03,11.76,0.015
20140822,4052.75,11.47,0.015
20140825,4067.48,11.7,0.015
20140826,4071.67,11.63,0.025
20140827,4073.18,11.78,0.025
20140828,4066.27,12.05,0.022
20140829,4082.56,11.98,0.018
20140902,4095.81,12.25,0.02
20140903,4070.96,12.36,0.02
20140904,4066.13,12.64,0.02
20140905,4089.92,12.09,0.02
20140908,4095.47,12.66,0.02
20140909,4061.88,13.5,0.015
20140910,4094.97,12.88,0.015
20140911,4092.65,12.8,0.01
20140912,4069.23,13.31,0.01
20140915,4029.89,14.12,0.01
20140916,4067.27,12.73,0.015
20140917,4073.57,12.65,0.013
20140918,4103.08,12.03,0.01
20140919,4100.09,12.11,0.007
20140922,4061.23,13.69,0.003
20140923,4051.57,14.93,0.007
20140924,4094.31,13.27,0.007
20140925,4007.82,15.64,0.005
20140926,4053.72,14.85,0.005
20140929,4047.18,15.98,0.005
20140930,4049.45,16.31,0.013
20141001,3984.74,16.71,0.013
20141002,3985.87,16.16,0.01
20141003,4027.31,14.55,0.01
20141006,4016.27,15.46,0.01
20141007,3958.59,17.2,0.01
20141008,4041.12,15.11,0.005
20141009,3969.32,18.76,0.005
20141010,3870.86,21.24,0.005
20141013,3808.0,24.64,0.005
20141014,3810.45,22.79,0.005
20141015,3785.97,26.25,0.01
20141016,3765.28,25.2,0.02
20141017,3815.47,21.99,0.022
20141020,3870.08,18.57,0.02
20141021,3971.39,16.08,0.018
20141022,3949.59,17.87,0.015
20141023,4012.27,16.53,0.015
20141024,4042.02,16.11,0.005
20141027,4046.02,16.04,0.005
20141028,4106.63,14.39,0.015
20141029,4090.55,15.15,0.015
20141030,4100.64,14.52,0.003
20141031,4158.21,14.03,0.003
20141103,4169.28,14.73,0.003
20141104,4156.23,14.89,0.022
20141105,4153.27,14.17,0.02
20141106,4164.08,13.67,0.018
20141107,4160.5,13.12,0.018
20141110,4175.95,12.67,0.015
20141111,4187.16,12.92,0.015
20141112,4195.4,13.02,0.013
20141113,4213.48,13.79,0.005
20141114,4224.99,13.31,0.003
20141117,4213.79,13.99,0.01
20141118,4242.19,13.86,0.015
20141119,4222.66,13.96,0.015
20141120,4242.09,13.58,0.015
20141121,4251.32,12.9,0.003
20141124,4284.32,12.62,0.005
20141125,4288.23,12.25,0.018
20141126,4317.99,12.07,0.01
20141128,4337.79,13.33,0.005
20141201,4287.81,14.29,0.007
20141202,4305.96,12.85,0.015
20141203,4312.93,12.47,0.005
20141204,4311.93,12.38,0.013
20141205,4311.57,11.82,0.01
20141208,4278.34,14.21,0.005
20141209,4294.67,14.89,0.028
20141210,4224.87,18.53,0.025
20141211,4246.48,20.08,0.022
20141212,4199.28,21.08,0.015
20141215,4157.41,20.42,0.01
20141216,4089.6,23.57,0.03
20141217,4165.1,19.44,0.02
20141218,4267.77,16.81,0.033
20141219,4281.78,16.49,0.025
20141222,4293.67,15.25,0.015
20141223,4279.3,14.8,0.02
20141224,4283.1,14.37,0.02
20141226,4314.09,14.5,0.01
20141229,4312.64,15.06,0.003
20141230,4282.35,15.92,0.02
20141231,4236.28,19.2,0.037
20150102,4230.24,17.79,0.015
20150105,4160.96,19.92,0.003
20150106,4110.83,21.12,0.02
20150107,4160.0,19.31,0.02
20150108,4240.55,17.01,0.018
20150109,4213.28,17.55,0.015
20150112,4169.97,19.6,0.013
20150113,4166.2,20.56,0.023
20150114,4145.84,21.48,0.025
20150115,4089.65,22.39,0.023
20150116,4142.14,20.95,0.018
20150120,4171.21,19.89,0.008
20150121,4192.09,18.85,0.02
20150122,4270.36,16.4,0.015
20150123,4278.14,16.66,0.013
20150126,4275.72,15.52,0.005
20150127,4165.5,17.22,0.018
20150128,4140.38,20.44,0.015
20150129,4181.35,18.76,0.01
20150130,4148.43,20.97,0.005
20150202,4188.59,19.43,0.005
20150203,4229.15,17.33,0.015
20150204,4221.2,18.33,0.005
20150205,4256.18,16.85,0.008
20150206,4228.68,17.29,0.015
20150209,4216.09,18.55,0.003
20150210,4281.16,17.23,0.005
20150211,4297.28,16.96,0.005
20150212,4347.97,15.34,0.008
20150213,4384.03,14.69,0.005
20150217,4385.34,15.8,0.008
20150218,4390.91,15.45,0.013
20150219,4411.86,15.29,0.013
20150220,4443.05,14.3,0.01
20150223,4449.49,14.56,0.015
20150224,4451.03,13.69,0.018
20150225,4440.59,13.84,0.015
20150226,4462.27,13.91,0.013
20150227,4440.67,13.34,0.008
20150302,4483.05,13.04,0.005
20150303,4458.78,13.86,0.013
20150304,4445.36,14.23,0.01
20150305,4452.06,14.04,0.003
20150306,4399.23,15.2,0.005
20150309,4412.99,15.06,0.005
20150310,4329.08,16.69,0.01
20150311,4305.38,16.87,0.013
20150312,4336.23,15.42,0.018
20150313,4314.9,16.0,0.023
20150316,4370.47,15.61,0.03
20150317,4375.63,15.66,0.048
20150318,4422.5,13.97,0.038
20150319,4426.82,14.07,0.01
20150320,4458.54,13.02,0.003
20150323,4445.54,13.41,0.003
20150324,4430.99,13.62,0.015
20150325,4329.29,15.44,0.018
20150326,4315.26,15.8,0.028
20150327,4332.86,15.07,0.03
20150330,4382.82,14.51,0.023
20150331,4333.69,15.29,0.025
20150401,4311.26,15.11,0.033
20150402,4316.01,14.67,0.01
20150406,4350.98,14.74,0.003
20150407,4344.08,14.78,0.015
20150408,4375.96,13.98,0.018
20150409,4403.95,13.09,0.02
20150410,4422.02,12.58,0.015
20150413,4409.21,13.94,0.005
20150414,4397.64,13.67,0.01
20150415,4424.53,12.84,0.015
20150416,4418.83,12.6,0.01
20150417,4351.8,13.89,0.013
20150420,4417.4,13.3,0.013
20150421,4435.98,13.25,0.02
20150422,4460.81,12.71,0.02
20150423,4477.07,12.48,0.02
20150424,4536.78,12.29,0.015
20150427,4525.04,13.12,0.013
20150428,4515.27,12.41,0.013
20150429,4488.15,13.39,0.003
20150430,4414.25,14.55,0.005
20150501,4479.06,12.7,0.003
20150504,4482.61,12.85,0.003
20150505,4409.39,14.31,0.008
20150506,4379.75,15.15,0.01
20150507,4401.55,15.13,0.005
20150508,4458.65,12.86,0.003
20150511,4438.64,13.85,0.005
20150512,4420.65,13.86,0.013
20150513,4426.56,13.76,0.01
20150514,4495.04,12.74,0.01
20150515,4494.29,12.38,0.01
20150518,4512.95,12.73,0.008
20150519,4503.72,12.85,0.01
20150520,4505.3,12.88,0.013
20150521,4529.47,12.11,0.013
20150522,4527.16,12.13,0.01
20150526,4472.96,14.06,0.01
20150527,4546.06,13.27,0.013
20150528,4535.66,13.31,0.003
20150529,4508.25,13.84,0.003
20150601,4521.85,13.97,0.008
20150602,4508.89,14.24,0.01
20150603,4519.86,13.66,0.01
20150604,4487.03,14.71,0.005
20150605,4477.19,14.21,0.01
20150608,4431.51,15.29,0.01
20150609,4427.61,14.47,0.013
20150610,4485.46,13.22,0.013
20150611,4488.47,12.85,0.008
20150612,4453.79,13.78,0.005
20150615,4432.92,15.39,0.003
20150616,4455.9,14.81,0.008
20150617,4468.98,14.5,0.003
20150618,4531.85,13.19,0.003
20150619,4513.42,13.96,0.003
20150622,4544.04,12.74,0.003
20150623,4548.74,12.11,0.008
20150624,4524.6,13.26,0.005
20150625,4514.01,14.01,0.005
20150626,4484.28,14.02,0.005
20150629,4379.87,18.85,0.005
20150630,4396.76,18.23,0.01
20150701,4429.23,16.09,0.003
20150702,4433.39,16.79,0.003
20150706,4418.66,17.01,0.005
20150707,4429.06,16.09,0.01
20150708,4351.58,19.66,0.01
20150709,4352.03,19.97,0.008
20150710,4420.15,16.83,0.008
20150713,4494.47,13.9,0.008
20150714,4523.47,13.37,0.01
20150715,4528.36,13.23,0.013
20150716,4594.9,12.11,0.01
20150717,4661.6,11.95,0.013
20150720,4679.68,12.25,0.023
20150721,4674.41,12.22,0.03
20150722,4623.24,12.12,0.03
20150723,4602.83,12.64,0.03
20150724,4557.37,13.74,0.03
20150727,4519.09,15.6,0.028
20150728,4560.23,13.44,0.043
20150729,4581.6,12.5,0.045
20150730,4598.59,12.13,0.06
20150731,4588.91,12.12,0.058
20150803,4580.46,12.56,0.063
20150804,4567.47,13.0,0.075
20150805,4602.24,12.51,0.075
20150806,4528.51,13.77,0.028
20150807,4520.08,13.39,0.055
20150810,4573.11,12.23,0.065
20150811,4513.99,13.71,0.098
20150812,4528.19,13.61,0.09
20150813,4519.32,13.49,0.083
20150814,4530.74,12.83,0.08
20150817,4566.37,13.02,0.06
20150818,4542.07,13.79,0.085
20150819,4510.9,15.25,0.04
20150820,4385.13,19.14,0.015
20150821,4197.27,28.03,0.02
20150824,4038.6,40.74,0.015
20150825,4016.32,36.02,0.053
20150826,4219.6,30.32,0.055
20150827,4324.82,26.1,0.05
20150828,4329.12,26.05,0.05
20150831,4274.58,28.43,0.003
20150901,4142.63,31.4,0.038
20150902,4256.23,26.09,0.025
20150903,4234.65,25.61,0.015
20150904,4184.72,27.8,0.025
20150908,4303.53,24.9,0.025
20150909,4253.45,26.23,0.035
20150910,4296.3,24.37,0.015
20150911,4323.23,23.2,0.023
20150914,4308.76,24.25,0.025
20150915,4360.28,22.54,0.058
20150916,4383.67,21.35,0.053
20150917,4384.96,21.14,0.003
20150918,4323.86,22.28,0.01
20150921,4336.13,20.14,0.013
20150922,4274.1,22.44,0.003
20150923,4273.53,22.13,0.003
20150924,4261.1,23.47,0.005
20150925,4224.74,23.62,0.02
20150928,4103.47,27.63,0.013
20150929,4083.37,26.83,0.003
20150930,4181.06,24.5,0.005
20151001,4192.96,22.55,0.018
20151002,4267.45,20.94,0.008
20151005,4331.43,19.54,0.008
20151006,4306.7,19.4,0.005
20151007,4333.46,18.4,0.005
20151008,4350.15,17.42,0.003
20151009,4370.01,17.08,0.003
20151012,4382.56,16.17,0.01
20151013,4352.94,17.67,0.005
20151014,4346.92,18.03,0.01
20151015,4418.22,16.05,0.005
20151016,4438.62,15.05,0.005
20151019,4462.07,14.98,0.005
20151020,4438.18,15.75,0.01
20151021,4413.52,16.7,0.005
20151022,4503.22,14.45,0.005
20151023,4624.09,14.46,0.003
20151026,4630.85,15.29,0.008
20151027,4639.23,15.43,0.01
20151028,4678.58,14.33,0.035
20151029,4670.76,14.61,0.053
20151030,4648.83,15.07,0.068
20151102,4703.92,14.15,0.053
20151103,4719.05,14.54,0.058
20151104,4717.55,15.51,0.055
20151105,4702.9,15.05,0.04
20151106,4707.23,14.33,0.073
20151109,4655.52,16.52,0.075
20151110,4641.73,15.29,0.125
20151111,4636.94,16.06,0.123
20151112,4588.93,18.37,0.123
20151113,4502.14,20.08,0.113
20151116,4565.47,18.16,0.098
20151117,4565.82,18.84,0.135
20151118,4653.44,16.85,0.123
20151119,4655.35,16.99,0.088
20151120,4686.36,15.47,0.093
20151123,4674.79,15.62,0.105
20151124,4669.41,15.93,0.153
20151125,4672.88,15.19,0.175
20151127,4680.47,15.12,0.16
20151130,4664.51,16.13,0.17
20151201,4716.16,14.67,0.203
20151202,4686.22,15.91,0.2
20151203,4606.75,18.11,0.198
20151204,4716.12,14.81,0.205
20151207,4693.62,15.84,0.235
20151208,4694.77,17.6,0.268
20151209,4622.14,19.61,0.245
20151210,4643.05,19.34,0.23
20151211,4537.56,24.39,0.213
20151214,4570.16,22.73,0.198
20151215,4597.33,20.95,0.25
20151216,4664.56,17.86,0.235
20151217,4598.14,18.94,0.213
20151218,4514.83,20.7,0.175
20151221,4560.55,18.7,0.153
20151222,4589.26,16.6,0.193
20151223,4624.59,15.57,0.19
20151224,4622.77,15.74,0.183
20151228,4621.35,16.91,0.19
20151229,4691.08,16.08,0.215
20151230,4652.01,17.29,0.195
20151231,4593.27,18.21,0.148
20160104,4497.86,20.7,0.155
20160105,4484.18,19.34,0.205
20160106,4443.99,20.59,0.205
20160107,4305.72,24.99,0.19
20160108,4270.78,27.01,0.19
20160111,4283.55,24.3,0.175
20160112,4333.72,22.47,0.21
20160113,4183.12,25.22,0.215
20160114,4272.97,23.95,0.24
20160115,4141.08,27.02,0.223
20160119,4147.07,26.05,0.23
20160120,4136.28,27.59,0.253
20160121,4142.6,26.69,0.273
20160122,4259.77,22.34,0.288
20160125,4196.53,24.15,0.275
20160126,4233.85,22.5,0.3
20160127,4128.86,23.11,0.3
20160128,4186.06,22.42,0.318
20160129,4279.17,20.2,0.3
20160201,4286.56,19.98,0.295
20160202,4193.1,21.98,0.33
20160203,4171.97,21.65,0.333
20160204,4167.77,21.84,0.283
20160205,4024.47,23.38,0.278
20160208,3960.67,26.0,0.26
20160209,3947.8,26.54,0.3
20160210,3966.28,26.29,0.298
20160211,3962.22,28.14,0.273
20160212,4019.19,25.4,0.27
20160216,4104.33,24.11,0.273
20160217,4199.1,22.31,0.293
20160218,4151.49,21.64,0.288
20160219,4164.09,20.53,0.283
20160222,4231.27,19.38,0.293
20160223,4162.54,20.98,0.318
20160224,4200.66,20.72,0.315
20160225,4241.06,19.11,0.31
20160226,4235.62,19.81,0.303
20160229,4201.12,20.55,0.308
20160301,4333.61,17.7,0.32
20160302,4334.39,17.09,0.303
20160303,4325.86,16.7,0.263
20160304,4329.0,16.86,0.265
20160307,4303.33,17.35,0.265
20160308,4265.51,18.67,0.305
20160309,4293.23,18.34,0.288
20160310,4286.97,18.05,0.303
20160311,4361.83,16.5,0.308
20160314,4367.33,16.92,0.308
20160315,4367.08,16.84,0.325
20160316,4404.2,14.99,0.3
20160317,4400.26,14.44,0.275
20160318,4410.83,14.02,0.28
20160321,4426.98,13.79,0.288
20160322,4437.62,14.17,0.295
20160323,4402.56,14.94,0.293
20160324,4405.53,14.74,0.275
20160328,4398.07,15.24,0.255
20160329,4467.72,13.82,0.225
20160330,4490.88,13.56,0.185
20160331,4483.66,13.95,0.193
20160401,4532.08,13.1,0.218
20160404,4511.7,14.12,0.183
20160405,4470.75,15.42,0.218
20160406,4543.78,14.09,0.22
20160407,4475.29,16.16,0.22
20160408,4474.93,15.36,0.218
20160411,4458.71,16.26,0.21
20160412,4496.04,14.85,0.23
20160413,4554.72,13.84,0.223
20160414,4554.63,13.72,0.215
20160415,4543.16,13.62,0.21
20160418,4569.31,13.35,0.198
20160419,4537.09,13.24,0.215
20160420,4540.44,13.28,0.218
20160421,4540.8,13.95,0.225
20160422,4474.19,13.22,0.225
20160425,4474.13,14.08,0.238
20160426,4452.97,13.96,0.245
20160427,4416.63,13.77,0.245
20160428,4363.99,15.22,0.21
20160429,4341.3,15.7,0.193
20160502,4381.3,14.68,0.185
20160503,4341.39,15.6,0.203
20160504,4312.01,16.05,0.198
20160505,4309.48,15.91,0.183
20160506,4330.17,14.72,0.18
20160509,4341.23,14.57,0.203
20160510,4402.04,13.63,0.243
20160511,4361.03,14.69,0.248
20160512,4342.81,14.41,0.258
20160513,4326.53,15.04,0.258
20160516,4380.48,14.68,0.258
20160517,4322.56,15.57,0.268
20160518,4338.23,15.95,0.27
20160519,4315.58,16.33,0.29
20160520,4362.9,15.2,0.298
20160523,4355.1,15.82,0.313
20160524,4444.3,14.42,0.343
20160525,4476.43,13.9,0.315
20160526,4487.96,13.43,0.275
20160527,4512.54,13.12,0.298
20160531,4523.89,14.19,0.283
20160601,4520.07,14.2,0.295
20160602,4531.35,13.63,0.27
20160603,4509.79,13.47,0.27
20160606,4523.63,13.65,0.25
20160607,4513.09,14.05,0.265
20160608,4520.63,14.08,0.235
20160609,4512.69,14.64,0.24
20160610,4461.05,17.03,0.24
20160613,4422.76,20.97,0.245
20160614,4424.91,20.5,0.263
20160615,4409.51,20.14,0.255
20160616,4424.23,19.37,0.245
20160617,4374.38,19.41,0.248
20160620,4400.16,18.37,0.248
20160621,4413.4,18.48,0.265
20160622,4404.73,21.17,0.268
20160623,4467.48,17.25,0.275
20160624,4285.7,25.76,0.238
20160627,4201.05,23.85,0.235
20160628,4290.47,18.75,0.26
20160629,4364.74,16.64,0.255
20160630,4417.7,15.63,0.248
20160701,4437.45,14.77,0.243
20160705,4410.75,15.58,0.238
20160706,4444.7,14.96,0.263
20160707,4459.58,14.76,0.27
20160708,4528.36,13.2,0.273
20160711,4554.71,13.54,0.275
20160712,4577.61,13.55,0.295
20160713,4565.77,13.04,0.298
20160714,4596.49,12.82,0.303
20160715,4589.83,12.67,0.298
20160718,4619.68,12.44,0.288
20160719,4603.28,11.97,0.31
20160720,4657.2,11.77,0.315
20160721,4647.02,12.74,0.303
20160722,4666.07,12.02,0.303
20160725,4665.93,12.87,0.298
20160726,4672.11,13.05,0.308
20160727,4702.88,12.83,0.283
20160728,4721.41,12.72,0.22
20160729,4730.23,11.87,0.24
20160801,4756.04,12.44,0.238
20160802,4719.21,13.37,0.28
20160803,4734.33,12.86,0.268
20160804,4743.81,12.42,0.248
20160805,4791.21,11.39,0.25
20160808,4784.74,11.5,0.25
20160809,4795.75,11.66,0.293
20160810,4783.39,12.05,0.273
20160811,4803.31,11.68,0.275
20160812,4807.08,11.55,0.263
20160815,4827.12,11.81,0.275
20160816,4797.19,12.64,0.288
20160817,4805.45,12.19,0.288
20160818,4808.68,11.43,0.285
20160819,4806.14,11.34,0.293
20160822,4808.56,12.27,0.28
20160823,4818.48,12.38,0.305
20160824,4783.49,13.45,0.305
20160825,4775.43,13.63,0.305
20160826,4783.69,13.65,0.305
20160829,4791.09,12.94,0.305
20160830,4775.99,13.12,0.325
20160831,4771.05,13.42,0.32
20160901,4783.94,13.48,0.315
20160902,4798.74,11.98,0.303
20160906,4829.51,12.02,0.303
20160907,4831.86,11.94,0.33
20160908,4804.0,12.51,0.333
20160909,4681.54,17.5,0.333
20160912,4764.65,15.16,0.35
20160913,4722.85,17.85,0.345
20160914,4746.06,18.14,0.315
20160915,4819.9,16.3,0.278
20160916,4818.05,15.37,0.273
20160919,4796.07,15.53,0.238
20160920,4805.22,15.92,0.288
20160921,4853.75,13.3,0.223
20160922,4891.36,12.02,0.16
20160923,4858.91,12.29,0.165
20160926,4817.17,14.5,0.173
20160927,4866.71,13.1,0.255
20160928,4875.27,12.39,0.263
20160929,4838.3,14.02,0.235
20160930,4875.7,13.29,0.26
20161003,4866.63,13.57,0.288
20161004,4859.47,13.63,0.315
20161005,4877.75,12.99,0.313
20161006,4873.92,12.84,0.31
20161007,4864.52,13.48,0.31
20161010,4893.77,13.38,0.308
20161011,4821.91,15.36,0.32
20161012,4819.64,15.91,0.34
20161013,4803.1,16.69,0.275
20161014,4808.48,16.12,0.29
20161017,4796.17,16.21,0.295
20161018,4839.72,15.28,0.333
20161019,4836.61,14.41,0.323
20161020,4832.71,13.75,0.32
20161021,4851.86,13.34,0.315
20161024,4909.97,13.02,0.313
20161025,4891.45,13.46,0.325
20161026,4860.59,14.24,0.313
20161027,4836.45,15.36,0.275
20161028,4805.59,16.19,0.273
20161031,4801.27,17.06,0.295
20161101,4766.94,18.56,0.345
20161102,4726.91,19.32,0.345
20161103,4679.1,22.08,0.358
20161104,4660.46,22.51,0.358
20161107,4773.73,18.71,0.39
20161108,4804.92,18.74,0.42
20161109,4825.18,14.38,0.418
20161110,4747.03,14.74,0.458
20161111,4751.95,14.17,0.458
20161114,4702.04,14.48,0.503
20161115,4764.47,13.37,0.488
20161116,4792.27,13.72,0.453
20161117,4826.59,13.35,0.42
20161118,4808.04,12.85,0.418
20161121,4859.0,12.42,0.42
20161122,4873.84,12.41,0.475
20161123,4853.86,12.43,0.485
20161125,4870.02,12.34,0.48
20161128,4857.02,13.15,0.45
20161129,4873.21,12.9,0.468
20161130,4810.81,13.33,0.468
20161201,4734.1,14.07,0.458
20161202,4739.37,14.12,0.455
20161205,4778.14,12.14,0.453
20161206,4788.67,11.79,0.485
20161207,4851.94,12.22,0.488
20161208,4859.19,12.64,0.49
20161209,4895.9,11.75,0.52
20161212,4874.3,12.64,0.5
20161213,4935.84,12.72,0.523
20161214,4921.22,13.19,0.523
20161215,4933.41,12.79,0.488
20161216,4914.86,12.2,0.485
20161219,4934.85,11.71,0.478
20161220,4953.8,11.45,0.513
20161221,4948.91,11.27,0.503
20161222,4934.39,11.43,0.493
20161223,4940.02,11.44,0.5
20161227,4965.81,11.99,0.495
20161228,4926.29,12.95,0.495
20161229,4918.28,13.37,0.44
20161230,4863.62,14.04,0.48
20170103,4911.33,12.85,0.475
20170104,4937.21,11.85,0.518
20170105,4964.95,11.67,0.508
20170106,5007.08,11.32,0.503
20170109,5024.9,11.56,0.485
20170110,5035.17,11.49,0.503
20170111,5050.21,11.26,0.498
20170112,5041.43,11.54,0.503
20170113,5059.51,11.23,0.513
20170117,5044.65,11.87,0.513
20170118,5055.85,12.48,0.515
20170119,5051.17,12.78,0.503
20170120,5063.2,11.54,0.48
20170123,5065.7,11.77,0.473
20170124,5101.06,11.07,0.493
20170125,5151.47,10.81,0.483
20170126,5156.92,10.63,0.488
20170127,5168.06,10.58,0.498
20170130,5129.33,11.88,0.495
20170131,5116.77,11.99,0.5
20170201,5152.69,11.81,0.5
20170202,5147.7,11.93,0.488
20170203,5161.6,10.97,0.488
20170206,5167.96,11.37,0.503
20170207,5185.88,11.29,0.525
20170208,5196.58,11.45,0.525
20170209,5212.16,10.88,0.528
20170210,5226.69,10.85,0.523
20170213,5256.82,11.07,0.523
20170214,5271.07,10.74,0.535
20170215,5302.39,11.97,0.52
20170216,5300.64,11.76,0.508
20170217,5324.72,11.49,0.508
20170221,5350.73,11.57,0.505
20170222,5352.13,11.74,0.51
20170223,5332.37,11.71,0.498
20170224,5343.31,11.47,0.498
20170227,5347.55,12.09,0.49
20170228,5330.31,12.92,0.523
20170301,5390.99,12.54,0.615
20170302,5363.26,11.81,0.645
20170303,5373.48,10.96,0.683
20170306,5360.31,11.24,0.705
20170307,5351.28,11.45,0.735
20170308,5359.81,11.86,0.708
20170309,5363.98,12.3,0.713
20170310,5385.9,11.66,0.725
20170313,5394.57,11.35,0.728
20170314,5382.17,12.3,0.753
20170315,5416.25,11.63,0.715
20170316,5412.08,11.21,0.708
20170317,5408.76,11.28,0.708
20170320,5413.31,11.34,0.71
20170321,5332.53,12.47,0.753
20170322,5367.55,12.81,0.748
20170323,5355.14,13.12,0.748
20170324,5364.0,12.96,0.748
20170327,5374.27,12.5,0.758
20170328,5407.21,11.53,0.773
20170329,5430.27,11.42,0.755
20170330,5439.74,11.54,0.758
20170331,5436.23,12.37,0.738
20170403,5432.2,12.38,0.74
20170404,5440.41,11.79,0.78
20170405,5418.52,12.89,0.78
20170406,5420.88,12.39,0.788
20170407,5418.37,12.87,0.798
20170410,5421.68,14.05,0.788
20170411,5398.4,15.07,0.8
20170412,5377.03,15.77,0.793
20170413,5353.59,15.96,0.79
20170417,5399.2,14.66,0.79
20170418,5391.66,14.42,0.805
20170419,5399.64,14.93,0.785
20170420,5443.53,14.15,0.77
20170421,5442.05,14.63,0.763
20170424,5508.03,10.84,0.77
20170425,5548.19,10.76,0.808
20170426,5541.09,10.85,0.803
20170427,5571.28,10.36,0.785
20170428,5583.53,10.82,0.78
20170501,5629.63,10.11,0.785
20170502,5644.07,10.59,0.843
20170503,5625.16,10.68,0.848
20170504,5626.32,10.46,0.855
20170505,5646.09,10.57,0.868
20170508,5659.07,9.77,0.87
20170509,5678.31,9.96,0.89
20170510,5681.68,10.21,0.875
20170511,5674.22,10.6,0.86
20170512,5686.81,10.4,0.855
20170515,5704.48,10.42,0.863
20170516,5724.44,10.65,0.89
20170517,5580.55,15.59,0.875
20170518,5626.31,14.66,0.893
20170519,5651.56,12.04,0.888
20170522,5699.4,10.93,0.878
20170523,5703.35,10.72,0.913
20170524,5730.3,10.02,0.905
20170525,5778.37,9.99,0.908
20170526,5788.36,9.81,0.91
20170530,5794.63,10.38,0.91
20170531,5788.8,10.41,0.95
20170601,5816.51,9.89,0.948
20170602,5881.46,9.75,0.953
20170605,5878.12,10.07,0.948
20170606,5856.77,10.45,0.958
20170607,5877.59,10.39,0.973
20170608,5885.3,10.16,0.973
20170609,5741.94,10.7,0.98
20170612,5708.18,11.46,0.973
20170613,5751.82,10.42,0.983
20170614,5727.07,10.64,0.983
20170615,5700.89,10.9,0.993
20170616,5681.48,10.38,0.985
20170619,5772.22,10.37,0.985
20170620,5726.31,10.86,0.993
20170621,5782.39,10.75,0.968
20170622,5779.87,10.48,0.933
20170623,5803.11,10.02,0.933
20170626,5777.59,9.9,0.933
20170627,5671.6,11.06,0.99
20170628,5753.03,10.03,0.985
20170629,5653.02,11.44,1.003
20170630,5646.92,11.18,0.993
20170703,5596.96,11.22,1.0
20170705,5648.82,11.07,1.02
20170706,5597.9,12.54,1.008
20170707,5656.47,11.19,1.008
20170710,5694.15,11.11,1.013
20170711,5709.8,10.89,1.033
20170712,5778.95,10.3,1.023
20170713,5793.36,9.9,1.013
20170714,5838.08,9.51,1.008
20170717,5839.74,9.82,1.02
20170718,5880.1,9.89,1.04
20170719,5916.16,9.79,1.085
20170720,5921.22,9.58,1.113
20170721,5921.53,9.36,1.138
20170724,5941.37,9.43,1.15
20170725,5930.65,9.43,1.143
20170726,5950.73,9.6,1.095
20170727,5917.03,10.11,1.078
20170728,5908.92,10.29,1.053
20170731,5880.33,10.26,1.053
20170801,5895.17,10.09,1.058
20170802,5914.23,10.28,1.05
20170803,5891.2,10.44,1.058
20170804,5899.91,10.03,1.053
20170807,5934.73,9.93,1.033
20170808,5926.35,10.96,1.03
20170809,5919.39,11.11,1.025
20170810,5788.19,16.04,1.018
20170811,5831.53,15.51,1.013
20170814,5908.17,12.33,1.003
20170815,5907.73,12.04,1.008
20170816,5917.42,11.74,0.985
20170817,5796.32,15.55,0.978
20170818,5790.91,14.26,0.988
20170821,5786.54,13.19,0.965
20170822,5873.33,11.35,0.995
20170823,5851.78,12.25,0.98
20170824,5834.44,12.23,0.998
20170825,5822.53,11.28,0.995
20170828,5838.08,11.32,1.005
20170829,5862.14,11.7,1.01
20170830,5932.9,11.22,0.998
20170831,5988.6,10.59,0.978
20170901,5987.9,10.13,0.985
20170905,5932.73,12.23,0.983
20170906,5951.13,11.63,1.038
20170907,5964.31,11.55,1.023
20170908,5913.37,12.12,1.02
20170911,5980.53,10.73,1.02
20170912,5995.64,10.58,1.018
20170913,6004.38,10.5,1.018
20170914,5968.82,10.44,1.028
20170915,5988.0,10.17,1.01
20170918,5981.12,10.15,1.0
20170919,5991.08,10.18,1.018
20170920,5973.61,9.78,1.02
20170921,5934.91,9.67,1.008
20170922,5932.32,9.59,1.003
20170925,5867.35,10.21,0.998
20170926,5881.34,10.17,1.043
20170927,5937.79,9.87,1.038
20170928,5933.07,9.55,1.03
20170929,5979.3,9.51,1.028
20171002,5981.92,9.45,1.013
20171003,5995.06,9.51,1.035
20171004,5998.84,9.63,1.043
20171005,6057.14,9.19,1.043
20171006,6064.57,9.65,1.043
20171009,6058.53,10.33,1.045
20171010,6063.52,10.08,1.055
20171011,6081.25,9.85,1.068
20171012,6069.99,9.91,1.053
20171013,6092.45,9.61,1.05
20171016,6114.53,9.91,1.055
20171017,6122.61,10.31,1.073
20171018,6114.35,10.07,1.068
20171019,6092.62,10.05,1.065
20171020,6108.82,9.97,1.075
20171023,6067.83,11.07,1.07
20171024,6080.22,11.16,1.098
20171025,6055.04,11.23,1.083
20171026,6037.87,11.3,1.08
20171027,6213.47,9.8,1.073
20171030,6227.59,10.5,1.075
20171031,6248.56,10.18,1.123
20171101,6248.65,10.2,1.138
20171102,6236.39,9.93,1.138
20171103,6295.58,9.14,1.148
20171106,6313.61,9.4,1.158
20171107,6320.78,9.89,1.188
20171108,6345.81,9.78,1.195
20171109,6312.21,10.5,1.203
20171110,6309.07,11.29,1.2
20171113,6316.18,11.5,1.185
20171114,6293.64,11.59,1.24
20171115,6258.36,13.13,1.23
20171116,6339.14,11.76,1.23
20171117,6314.51,11.43,1.24
20171120,6308.61,10.65,1.24
20171121,6378.63,9.73,1.278
20171122,6386.12,9.88,1.265
20171124,6409.29,9.67,1.24
20171127,6405.97,9.87,1.223
20171128,6422.56,10.03,1.265
20171129,6311.38,10.7,1.258
20171130,6365.56,11.28,1.238
20171201,6337.87,11.43,1.235
20171204,6263.7,11.68,1.245
20171205,6265.11,11.33,1.283
20171206,6293.05,11.02,1.263
20171207,6316.28,10.16,1.26
20171208,6344.57,9.58,1.253
20171211,6393.89,9.34,1.263
20171212,6383.65,9.92,1.31
20171213,6394.67,10.18,1.273
20171214,6389.91,10.49,1.283
20171215,6466.32,9.42,1.285
20171218,6513.27,9.53,1.315
20171219,6480.67,10.03,1.353
20171220,6472.48,9.72,1.35
20171221,6472.69,9.62,1.32
20171222,6465.17,9.9,1.298
20171226,6433.16,10.25,1.303
20171227,6435.15,10.47,1.408
20171228,6441.42,10.18,1.37
20171229,6396.42,11.04,1.355
20180102,6511.34,9.77,1.378
20180103,6575.8,9.15,1.37
20180104,6584.58,9.22,1.37
20180105,6653.29,9.22,1.37
20180108,6676.63,9.52,1.38
20180109,6677.94,10.08,1.415
20180110,6662.66,9.82,1.395
20180111,6708.49,9.88,1.403
20180112,6758.54,10.16,1.41
20180116,6737.14,11.66,1.395
20180117,6810.28,11.91,1.415
20180118,6811.38,12.22,1.405
20180119,6834.33,11.27,1.403
20180122,6906.28,11.03,1.39
20180123,6963.46,11.1,1.413
20180124,6919.35,11.47,1.41
20180125,6916.3,11.58,1.393
20180126,7022.97,11.08,1.388
20180129,6988.32,13.84,1.375
20180130,6930.73,14.79,1.425
20180131,6949.99,13.54,1.43
20180201,6901.5,13.47,1.453
20180202,6760.29,17.31,1.45
20180205,6495.92,37.32,1.458
20180206,6665.98,29.98,1.488
20180207,6582.02,27.73,1.515
20180208,6306.1,33.46,1.515
20180209,6412.68,29.06,1.525
20180212,6523.85,25.61,1.535
20180213,6553.86,24.97,1.57
20180214,6675.03,19.26,1.55
20180215,6794.92,19.13,1.56
20180216,6770.66,19.46,1.57
20180220,6779.69,20.6,1.573
20180221,6759.26,20.02,1.608
20180222,6761.85,18.72,1.605
20180223,6896.6,16.49,1.605
20180226,6989.1,15.8,1.608
20180227,6900.35,18.59,1.635
20180228,6854.42,19.85,1.618
20180301,6750.54,22.47,1.59
20180302,6811.04,19.59,1.605
20180305,6881.28,18.73,1.625
20180306,6913.02,18.36,1.643
20180307,6929.39,17.76,1.65
20180308,6966.43,16.54,1.635
20180309,7101.18,14.64,1.635
20180312,7131.12,15.78,1.643
20180313,7046.51,16.35,1.69
20180314,7040.98,17.23,1.718
20180315,7030.97,16.59,1.733
20180316,7019.95,15.8,1.738
20180319,6864.88,19.02,1.728
20180320,6885.92,18.2,1.758
20180321,6853.45,17.86,1.71
20180322,6682.26,23.34,1.683
20180323,6508.09,24.87,1.688
20180326,6753.83,21.03,1.705
20180327,6529.84,22.5,1.733
20180328,6460.81,22.87,1.695
20180329,6581.13,19.97,1.67
20180402,6390.84,23.62,1.683
20180403,6458.83,21.1,1.713
20180404,6560.06,20.06,1.668
20180405,6594.84,18.94,1.675
20180406,6433.21,21.49,1.68
20180409,6472.34,21.77,1.675
20180410,6615.87,20.47,1.695
20180411,6583.44,20.24,1.693
20180412,6656.26,18.49,1.705
20180413,6628.34,17.41,1.718
20180416,6675.18,16.56,1.713
20180417,6816.37,15.25,1.755
20180418,6833.21,15.6,1.77
20180419,6774.89,15.96,1.783
20180420,6667.75,16.88,1.765
20180423,6648.8,16.34,1.783
20180424,6509.05,18.02,1.823
20180425,6513.94,17.84,1.815
20180426,6649.65,16.24,1.785
20180427,6656.35,15.41,1.77
20180430,6605.57,15.93,1.763
20180501,6681.96,15.49,1.81
20180502,6644.48,15.97,1.785
20180503,6643.48,15.9,1.788
20180504,6769.12,14.77,1.793
20180507,6821.87,14.75,1.793
20180508,6815.48,14.71,1.835
20180509,6893.21,13.42,1.845
20180510,6963.55,13.23,1.845
20180511,6952.56,12.65,1.86
20180514,6964.37,12.93,1.855
20180515,6888.54,14.63,1.875
20180516,6929.97,13.42,1.865
20180517,6901.63,13.43,1.863
20180518,6866.25,13.42,1.855
20180521,6905.53,13.08,1.863
20180522,6893.62,13.22,1.893
20180523,6953.63,12.58,1.873
20180524,6949.7,12.53,1.86
20180525,6960.92,13.22,1.853
20180529,6926.54,17.02,1.84
20180530,6976.37,14.94,1.878
20180531,6967.73,15.43,1.87
20180601,7083.93,13.46,1.868
20180604,7143.57,12.74,1.865
20180605,7166.75,12.4,1.903
20180606,7210.08,11.64,1.9
20180607,7152.83,12.13,1.885
20180608,7152.62,12.18,1.88
20180611,7168.48,12.35,1.868
20180612,7209.18,12.34,1.888
20180613,7205.26,12.94,1.895
20180614,7279.59,12.12,1.883
20180615,7255.76,11.98,1.888
20180618,7251.41,12.31,1.883
20180619,7228.04,13.35,1.898
20180620,7280.7,12.79,1.888
20180621,7217.49,14.64,1.89
20180622,7197.51,13.77,1.87
20180625,7038.17,17.33,1.853
20180626,7068.2,15.92,1.893
20180627,6969.67,17.91,1.88
20180628,7031.6,16.85,1.88
20180629,7040.8,16.09,1.88
20180702,7097.82,15.6,1.895
20180703,7014.55,16.14,1.933
20180705,7101.05,14.97,1.91
20180706,7207.33,13.37,1.905
20180709,7276.0,12.69,1.915
20180710,7282.6,12.64,1.935
20180711,7243.98,13.63,1.92
20180712,7366.25,12.58,1.928
20180713,7375.82,12.18,1.928
20180716,7357.9,12.83,1.938
20180717,7403.89,12.06,1.975
20180718,7390.13,12.1,1.96
20180719,7352.36,12.87,1.948
20180720,7350.23,12.86,1.933
20180723,7371.78,12.62,1.92
20180724,7406.25,12.41,1.96
20180725,7508.59,12.29,1.953
20180726,7400.75,12.14,1.945
20180727,7296.78,13.03,1.945
20180730,7193.1,14.26,1.945
20180731,7231.98,12.83,1.985
20180801,7272.89,13.15,1.978
20180802,7372.15,12.19,1.965
20180803,7395.49,11.64,1.96
20180806,7438.99,11.27,1.968
20180807,7462.65,10.93,2.008
20180808,7469.55,10.85,2.008
20180809,7466.96,11.27,2.005
20180810,7408.3,13.16,2.0
20180813,7401.17,14.78,1.995
20180814,7447.17,13.31,2.033
20180815,7354.66,14.64,2.02
20180816,7374.29,13.45,2.015
20180817,7377.54,12.64,1.995
20180820,7371.42,12.49,1.993
20180821,7397.23,12.86,2.035
20180822,7424.6,12.25,2.035
20180823,7413.84,12.41,2.033
20180824,7485.4,11.99,2.048
20180827,7559.13,12.16,2.06
20180828,7570.25,12.5,2.078
20180829,7660.18,12.25,2.08
20180830,7642.67,13.53,2.058
20180831,7654.55,12.86,2.055
20180904,7622.32,13.16,2.068
20180905,7523.26,13.91,2.09
20180906,7453.17,14.65,2.08
20180907,7430.26,14.88,2.088
20180910,7447.68,14.16,2.083
20180911,7507.87,13.22,2.108
20180912,7488.06,13.14,2.105
20180913,7561.69,12.37,2.093
20180914,7545.5,12.07,2.103
20180917,7434.73,13.68,2.108
20180918,7494.4,12.79,2.125
20180919,7490.32,11.75,2.12
20180920,7569.03,11.8,2.118
20180921,7531.07,11.68,2.123
20180924,7548.75,12.2,2.123
20180925,7563.19,12.42,2.168
20180926,7563.09,12.89,2.16
20180927,7629.57,12.41,2.14
20180928,7627.65,12.12,2.15
20181001,7645.45,12.0,2.155
20181002,7628.28,12.05,2.175
20181003,7637.43,11.61,2.17
20181004,7490.0,14.22,2.17
20181005,7399.01,14.82,2.165
20181008,7352.82,15.69,2.165
20181009,7371.62,15.95,2.185
20181010,7044.5,22.96,2.22
20181011,6964.03,24.98,2.215
20181012,7157.21,21.31,2.218
20181015,7068.67,21.3,2.23
20181016,7276.43,17.62,2.26
20181017,7278.63,17.4,2.26
20181018,7116.09,20.06,2.255
20181019,7107.23,19.89,2.26
20181022,7141.21,19.64,2.258
20181023,7118.67,20.71,2.29
20181024,6789.15,25.23,2.285
20181025,7016.39,24.22,2.28
20181026,6852.4,24.16,2.273
20181029,6713.9,24.7,2.26
20181030,6810.12,23.35,2.283
20181031,6967.1,21.23,2.278
20181101,7069.17,19.34,2.27
20181102,6965.29,19.51,2.273
20181105,6937.09,19.96,2.268
20181106,6988.85,19.91,2.31
20181107,7203.13,16.36,2.31
20181108,7158.59,16.72,2.303
20181109,7039.15,17.36,2.3
20181112,6829.1,20.45,2.3
20181113,6830.91,20.02,2.295
20181114,6769.87,21.25,2.325
20181115,6890.45,19.98,2.31
20181116,6867.02,18.14,2.3
20181119,6642.92,20.1,2.3
20181120,6526.96,22.48,2.335
20181121,6575.66,20.8,2.35
20181123,6527.35,21.52,2.348
20181126,6678.34,18.9,2.343
20181127,6701.04,19.02,2.353
20181128,6913.33,18.49,2.335
20181129,6892.4,18.79,2.31
20181130,6949.01,18.07,2.308
20181203,7062.13,16.44,2.288
20181204,6795.21,20.74,2.365
20181206,6838.85,21.19,2.353
20181207,6613.28,23.23,2.34
20181210,6682.74,22.64,2.33
20181211,6704.24,21.76,2.37
20181212,6763.96,21.46,2.375
20181213,6767.97,20.65,2.363
20181214,6594.96,21.63,2.368
20181217,6448.39,24.52,2.34
20181218,6491.52,25.58,2.328
20181219,6342.97,25.58,2.338
20181220,6243.19,28.38,2.335
20181221,6046.56,30.11,2.33
20181224,5899.35,36.07,2.333
20181226,6262.77,30.41,2.38
20181227,6288.3,29.96,2.348
20181228,6285.27,28.34,2.328
20181231,6329.97,25.42,2.3
20190102,6360.87,23.22,2.365
20190103,6147.13,25.45,2.355
20190104,6422.67,21.38,2.358
20190107,6488.25,21.4,2.353
20190108,6551.85,20.47,2.4
20190109,6600.69,19.98,2.39
20190110,6620.94,19.5,2.375
20190111,6601.4,18.19,2.37
20190114,6541.04,19.07,2.36
20190115,6669.64,18.6,2.383
20190116,6668.56,19.04,2.363
20190117,6718.45,18.06,2.355
20190118,6784.61,17.8,2.348
20190122,6646.81,20.8,2.345
20190123,6658.76,19.52,2.353
20190124,6702.55,18.89,2.305
20190125,6787.37,17.42,2.328
20190128,6697.09,18.87,2.333
20190129,6632.79,19.13,2.365
20190130,6807.91,17.66,2.365
20190131,6906.84,16.57,2.34
20190201,6875.52,16.14,2.34
20190204,6959.96,15.73,2.335
20190205,7023.52,15.57,2.365
20190206,6997.62,15.38,2.365
20190207,6904.98,16.37,2.355
20190208,6913.13,15.72,2.365
20190211,6909.18,15.97,2.375
20190212,7014.67,15.43,2.378
20190213,7015.88,15.65,2.373
20190214,7022.42,16.22,2.373
20190215,7055.18,14.91,2.37
20190219,7066.61,14.88,2.373
20190220,7062.34,14.02,2.383
20190221,7035.16,14.46,2.395
20190222,7090.63,13.51,2.393
20190225,7115.43,14.85,2.393
20190226,7123.22,15.17,2.4
20190227,7117.0,14.7,2.393
20190228,7097.53,14.78,2.383
20190301,7151.57,13.57,2.378
20190304,7150.83,14.63,2.375
20190305,7156.79,14.74,2.4
20190306,7112.47,15.74,2.405
20190307,7026.88,16.59,2.395
20190308,7015.69,16.05,2.393
20190311,7164.02,14.33,2.38
20190312,7201.28,13.77,2.395
20190313,7256.98,13.41,2.388
20190314,7243.01,13.5,2.388
20190315,7306.99,12.88,2.388
20190318,7326.28,13.1,2.385
20190319,7349.28,13.56,2.405
20190320,7380.75,13.91,2.408
20190321,7493.27,13.63,2.408
20190322,7326.06,16.48,2.398
20190325,7316.96,16.33,2.39
20190326,7351.15,14.68,2.405
20190327,7308.19,15.15,2.378
20190328,7320.47,14.43,2.37
20190329,7378.77,13.71,2.328
20190401,7478.42,13.4,2.323
20190402,7499.64,13.36,2.37
20190403,7544.97,13.74,2.373
20190404,7540.57,13.58,2.37
20190405,7578.84,12.82,2.37
20190408,7599.74,13.18,2.365
20190409,7568.49,14.28,2.365
20190410,7611.49,13.3,2.363
20190411,7594.89,13.02,2.365
20190412,7628.15,12.01,2.375
20190415,7629.12,12.32,2.36
20190416,7654.73,12.18,2.378
20190417,7680.72,12.6,2.38
20190418,7689.72,12.09,2.365
20190422,7713.49,12.42,2.375
20190423,7810.71,12.28,2.39
20190424,7784.41,13.14,2.375
20190425,7816.92,13.25,2.365
20190426,7826.68,12.73,2.36
20190429,7839.04,13.11,2.36
20190430,7781.46,13.12,2.368
20190501,7751.85,14.8,2.363
20190502,7724.06,14.42,2.373
20190503,7845.73,12.87,2.368
20190506,7794.09,15.44,2.363
20190507,7640.15,19.32,2.368
20190508,7617.55,19.4,2.37
20190509,7582.75,19.1,2.37
20190510,7586.53,16.04,2.37
20190513,7324.13,20.55,2.35
20190514,7401.88,18.06,2.353
20190515,7503.25,16.44,2.35
20190516,7580.14,15.29,2.338
20190517,7503.68,15.96,2.33
20190520,7376.7,16.31,2.32
20190521,7451.02,14.95,2.33
20190522,7420.66,14.75,2.32
20190523,7307.93,16.92,2.303
20190524,7300.96,15.85,2.288
20190528,7278.38,17.5,2.298
20190529,7216.86,17.9,2.298
20190530,7245.4,17.3,2.31
20190531,7127.96,18.71,2.293
20190603,6978.02,18.86,2.28
20190604,7166.75,16.97,2.295
20190605,7220.9,16.09,2.285
20190606,7275.93,15.93,2.255
20190607,7417.29,16.3,2.215
20190610,7501.93,15.94,2.22
20190611,7513.85,15.99,2.213
20190612,7472.29,15.91,2.165
20190613,7510.68,15.82,2.14
20190614,7479.11,15.28,2.125
20190617,7526.52,15.35,2.138
20190618,7635.4,15.15,2.168
20190619,7667.74,14.33,2.125
20190620,7738.05,14.75,2.078
20190621,7728.78,15.4,2.055
20190624,7723.02,15.26,2.058
20190625,7591.54,16.28,2.083
20190626,7627.05,16.21,2.093
20190627,7657.05,15.82,2.085
20190628,7671.08,15.08,2.035
20190701,7768.14,14.06,2.065
20190702,7799.82,12.93,2.148
20190703,7857.69,12.57,2.15
20190705,7841.3,13.28,2.163
20190708,7785.79,13.96,2.178
20190709,7826.86,14.09,2.195
20190710,7903.4,13.03,2.13
20190711,7896.78,12.93,2.098
20190712,7943.24,12.39,2.09
20190715,7966.93,12.68,2.085
20190716,7927.08,12.86,2.103
20190717,7888.76,13.97,2.073
20190718,7904.13,13.53,2.013
20190719,7834.9,14.45,2.013
20190722,7905.12,13.53,2.025
20190723,7954.56,12.61,2.033
20190724,8010.61,12.07,2.04
20190725,7929.87,12.74,2.06
20190726,8016.95,12.16,2.063
20190729,7989.08,12.83,2.05
20190730,7952.47,13.94,2.04
20190731,7848.78,16.12,2.03
20190801,7801.15,17.87,2.03
20190802,7692.8,17.61,2.0
20190805,7415.69,24.59,1.953
20190806,7521.32,20.17,1.995
20190807,7551.9,19.49,1.968
20190808,7724.83,16.91,1.97
20190809,7646.27,17.97,1.95
20190812,7561.68,21.09,1.928
20190813,7728.15,17.52,1.955
20190814,7490.13,22.1,1.908
20190815,7484.89,21.18,1.843
20190816,7604.11,18.47,1.823
20190819,7719.32,16.88,1.853
20190820,7664.47,17.5,1.9
20190821,7733.22,15.8,1.928
20190822,7707.43,16.68,1.938
20190823,7464.99,19.87,1.91
20190826,7575.02,19.32,1.933
20190827,7566.03,20.31,1.943
20190828,7587.9,19.35,1.94
20190829,7702.31,17.88,1.94
20190830,7691.0,18.98,1.933
20190903,7609.51,19.66,1.91
20190904,7719.25,17.33,1.905
20190905,7862.54,16.27,1.92
20190906,7852.54,15.0,1.91
20190909,7832.4,15.27,1.908
20190910,7814.74,15.2,1.913
20190911,7887.58,14.61,1.913
20190912,7917.34,14.22,1.895
20190913,7892.95,13.74,1.9
20190916,7852.41,14.67,1.945
20190917,7888.79,14.44,1.938
20190918,7888.56,13.95,1.88
20190919,7901.79,14.05,1.883
20190920,7823.55,15.32,1.85
20190923,7818.61,14.91,1.845
20190924,7710.04,17.05,1.88
20190925,7803.54,15.96,1.845
20190926,7771.99,16.07,1.77
20190927,7681.58,17.22,1.73
20190930,7749.45,16.24,1.77
20191001,7684.14,18.56,1.753
20191002,7550.79,20.56,1.735
20191003,7638.39,19.12,1.665
20191004,7754.1,17.04,1.655
20191007,7725.13,17.86,1.673
20191008,7604.27,20.28,1.655
20191009,7690.53,18.64,1.628
20191010,7740.36,17.57,1.633
20191011,7843.88,15.58,1.623
20191014,7842.33,14.57,1.618
20191015,7942.85,13.54,1.618
20191016,7920.21,13.68,1.615
20191017,7942.14,13.79,1.625
20191018,7868.49,14.25,1.625
20191021,7940.33,14.0,1.625
20191022,7874.62,14.46,1.615
20191023,7889.47,14.01,1.615
20191024,7966.72,13.71,1.623
20191025,8029.22,12.65,1.625
20191028,8110.67,13.11,1.605
20191029,8047.51,13.2,1.595
20191030,8083.11,12.33,1.595
20191031,8083.83,13.22,1.498
20191101,8161.17,12.3,1.485
20191104,8210.66,12.83,1.503
20191105,8210.18,13.1,1.518
20191106,8196.03,12.62,1.515
20191107,8219.65,12.73,1.518
20191108,8255.89,12.07,1.51
20191111,8241.91,12.69,1.513
20191112,8263.79,12.68,1.533
20191113,8259.81,13.0,1.535
20191114,8257.83,13.05,1.528
20191115,8315.52,12.05,1.528
20191118,8328.48,12.46,1.523
20191119,8338.74,12.86,1.525
20191120,8283.75,12.78,1.52
20191121,8265.62,13.13,1.53
20191122,8272.05,12.34,1.543
20191125,8371.93,11.87,1.545
20191126,8385.75,11.54,1.565
20191127,8444.71,11.75,1.565
20191129,8403.68,12.62,1.54
20191202,8309.26,14.91,1.538
20191203,8254.74,15.96,1.538
20191204,8296.53,14.8,1.498
20191205,8308.4,14.52,1.493
20191206,8397.37,13.62,1.48
20191209,8362.74,15.86,1.498
20191210,8354.29,15.68,1.515
20191211,8402.61,14.99,1.52
20191212,8466.89,13.94,1.53
20191213,8487.71,12.63,1.523
20191216,8570.33,12.14,1.525
20191217,8575.7,12.29,1.53
20191218,8580.62,12.58,1.518
20191219,8641.29,12.5,1.533
20191220,8678.49,12.51,1.528
20191223,8696.01,12.61,1.52
20191224,8699.51,12.67,1.538
20191226,8778.31,12.65,1.535
20191227,8770.98,13.43,1.518
20191230,8709.73,14.82,1.49
20191231,8733.07,13.78,1.505
20200102,8872.22,12.47,1.495
20200103,8793.9,14.02,1.473
20200106,8848.52,13.85,1.488
20200107,8846.45,13.79,1.5
20200108,8912.37,13.45,1.493
20200109,8989.63,12.54,1.5
20200110,8966.64,12.56,1.498
20200113,9070.65,12.32,1.51
20200114,9033.42,12.39,1.53
20200115,9035.67,12.42,1.508
20200116,9125.0,12.32,1.518
20200117,9173.73,12.1,1.523
20200121,9166.63,12.85,1.503
20200122,9188.58,12.91,1.513
20200123,9216.98,12.98,1.515
20200124,9141.47,14.56,1.49
20200127,8952.18,18.23,1.505
20200128,9090.93,16.28,1.53
20200129,9101.61,16.39,1.52
20200130,9136.09,15.49,1.528
20200131,8991.51,18.84,1.51
20200203,9126.23,17.97,1.518
20200204,9334.06,16.05,1.538
20200205,9367.48,15.15,1.52
20200206,9445.92,14.96,1.53
20200207,9401.1,15.47,1.518
20200210,9516.84,15.04,1.52
20200211,9517.86,15.18,1.538
20200212,9613.2,13.74,1.535
20200213,9595.7,14.15,1.545
20200214,9623.58,13.68,1.535
20200218,9629.8,14.83,1.535
20200219,9718.73,14.38,1.543
20200220,9627.83,15.56,1.538
20200221,9446.69,17.08,1.518
20200224,9079.63,25.03,1.503
20200225,8834.87,27.85,1.49
20200226,8873.76,27.56,1.478
20200227,8436.67,39.16,1.395
20200228,8461.83,40.11,1.23
20200302,8877.98,33.42,1.135
20200303,8594.49,36.82,0.918
20200304,8949.28,31.99,0.675
20200305,8671.66,39.62,0.595
20200306,8530.34,41.94,0.415
20200309,7948.03,54.46,0.33
20200310,8372.27,47.3,0.39
20200311,8006.12,53.9,0.368
20200312,7263.65,75.47,0.273
20200313,7995.26,57.83,0.243
20200316,7020.38,82.69,0.185
20200317,7473.95,75.91,0.165
20200318,7175.18,76.45,0.003
20200319,7288.52,72.0,-0.028
20200320,6994.29,66.04,-0.033
20200323,7006.92,61.59,-0.04
20200324,7553.83,61.67,-0.033
20200325,7469.62,63.95,-0.07
20200326,7897.13,61.0,-0.105
20200327,7588.37,65.54,-0.058
20200330,7889.01,57.08,0.013
20200331,7813.5,53.54,0.03
20200401,7486.29,57.06,0.063
20200402,7635.66,50.91,0.065
20200403,7528.11,46.8,0.058
20200406,8081.66,45.24,0.06
20200407,8049.31,46.7,0.128
20200408,8229.54,43.35,0.185
20200409,8238.53,41.67,0.21
20200413,8332.74,41.17,0.2
20200414,8692.16,37.76,0.165
20200415,8591.96,40.84,0.115
20200416,8757.83,40.11,0.11
20200417,8832.41,38.15,0.103
20200420,8726.51,43.83,0.07
20200421,8403.0,45.41,0.098
20200422,8664.64,41.98,0.093
20200423,8641.5,41.38,0.093
20200424,8786.6,35.93,0.1
20200427,8837.66,33.29,0.093
20200428,8677.6,33.57,0.085
20200429,8982.76,31.23,0.09
20200430,9000.51,34.15,0.09
20200501,8718.18,37.19,0.093
20200504,8834.11,35.97,0.09
20200505,8930.62,33.61,0.11
20200506,8984.86,34.12,0.108
20200507,9101.88,31.44,0.095
20200508,9220.35,27.98,0.095
20200511,9298.92,27.57,0.105
20200512,9112.45,33.04,0.123
20200513,9000.08,35.28,0.115
20200514,9094.42,32.61,0.105
20200515,9152.64,31.89,0.103
20200518,9331.93,29.3,0.105
20200519,9298.54,30.53,0.118
20200520,9485.02,27.99,0.118
20200521,9377.99,29.53,0.11
20200522,9413.99,28.16,0.11
20200526,9389.98,28.01,0.118
20200527,9442.05,27.62,0.135
20200528,9416.71,28.59,0.138
20200529,9555.53,27.51,0.128
20200601,9598.89,28.23,0.128
20200602,9657.31,26.84,0.145
20200603,9704.69,25.66,0.148
20200604,9629.66,25.81,0.14
20200605,9824.39,24.52,0.145
20200608,9901.52,25.81,0.153
20200609,9967.17,27.57,0.165
20200610,10094.26,27.57,0.165
20200611,9588.48,40.79,0.153
20200612,9663.78,36.09,0.15
20200615,9776.89,34.4,0.155
20200616,9949.37,33.67,0.16
20200617,9982.48,33.47,0.165
20200618,10012.05,32.94,0.14
20200619,10008.64,35.12,0.143
20200622,10130.33,31.77,0.14
20200623,10209.82,31.37,0.14
20200624,10002.7,33.84,0.135
20200625,10101.83,32.22,0.13
20200626,9849.36,34.73,0.133
20200629,9961.16,31.78,0.125
20200630,10156.85,30.43,0.135
20200701,10279.25,28.62,0.13
20200702,10341.89,27.68,0.133
20200706,10604.06,27.94,0.128
20200707,10524.01,29.43,0.14
20200708,10666.7,28.08,0.135
20200709,10754.59,29.26,0.123
20200710,10836.33,27.29,0.12
20200713,10602.21,32.19,0.125
20200714,10689.52,29.52,0.133
20200715,10701.68,27.76,0.125
20200716,10626.46,28.0,0.103
20200717,10645.22,25.68,0.105
20200720,10952.08,24.46,0.105
20200721,10833.07,24.84,0.11
20200722,10870.75,24.32,0.1
20200723,10580.59,26.08,0.103
20200724,10483.13,25.84,0.098
20200727,10674.38,24.74,0.093
20200728,10532.5,25.44,0.103
20200729,10662.98,24.1,0.09
20200730,10715.51,24.76,0.085
20200731,10905.88,24.46,0.083
20200803,11055.08,24.28,0.078
20200804,11096.54,23.76,0.09
20200805,11125.44,22.99,0.095
20200806,11267.08,22.65,0.088
20200807,11139.39,22.21,0.088
20200810,11085.17,22.13,0.088
20200811,10876.08,24.03,0.1
20200812,11157.72,22.28,0.1
20200813,11178.37,22.13,0.09
20200814,11164.45,22.05,0.088
20200817,11288.57,21.35,0.085
20200818,11399.03,21.51,0.1
20200819,11318.64,22.54,0.095
20200820,11477.05,22.72,0.088
20200821,11555.16,22.54,0.088
20200824,11626.17,22.37,0.085
20200825,11721.81,22.03,0.095
20200826,11971.94,23.27,0.093
20200827,11926.16,24.47,0.095
20200828,11995.85,22.96,0.095
20200831,12110.7,26.41,0.095
20200901,12292.86,26.12,0.1
20200902,12420.54,26.57,0.1
20200903,11771.37,33.6,0.1
20200904,11622.13,30.75,0.103
20200908,11068.26,31.46,0.108
20200909,11395.85,28.81,0.105
20200910,11154.12,29.71,0.103
20200911,11087.4,26.87,0.103
20200914,11277.76,25.85,0.1
20200915,11438.87,25.59,0.1
20200916,11247.6,26.04,0.1
20200917,11080.95,26.46,0.085
20200918,10936.98,25.83,0.083
20200921,10980.22,27.78,0.08
20200922,11186.37,26.86,0.088
20200923,10833.33,28.58,0.088
20200924,10896.47,28.51,0.093
20200925,11151.13,26.38,0.09
20200928,11364.45,26.19,0.088
20200929,11322.95,26.27,0.085
20200930,11418.06,26.37,0.085
20201001,11583.2,26.7,0.083
20201002,11255.69,27.63,0.085
20201005,11509.06,27.96,0.085
20201006,11291.27,29.48,0.088
20201007,11503.19,28.06,0.088
20201008,11550.94,26.36,0.088
20201009,11725.85,25.0,0.093
20201012,12088.11,25.07,0.09
20201013,12083.17,26.07,0.093
20201014,11985.36,26.4,0.1
20201015,11898.57,26.97,0.095
20201016,11852.17,27.41,0.09
20201019,11634.35,29.18,0.09
20201020,11677.84,29.35,0.095
20201021,11665.37,28.65,0.09
20201022,11662.91,28.11,0.085
20201023,11692.57,27.55,0.083
20201026,11504.52,32.46,0.08
20201027,11598.95,33.35,0.09
20201028,11142.76,40.28,0.09
20201029,11350.74,37.59,0.083
20201030,11052.95,38.02,0.083
20201102,11084.76,37.13,0.083
20201103,11279.91,35.55,0.09
20201104,11777.02,29.57,0.083
20201105,12078.07,27.58,0.085
20201106,12091.35,24.86,0.083
20201109,11830.39,25.75,0.088
20201110,11624.29,24.8,0.09
20201111,11892.93,23.45,0.09
20201112,11827.14,25.35,0.085
20201113,11937.84,23.1,0.083
20201116,12013.38,22.45,0.075
20201117,11977.49,22.71,0.08
20201118,11894.71,23.84,0.075
20201119,11985.43,23.11,0.06
20201120,11906.44,23.7,0.058
20201123,11905.94,22.66,0.07
20201124,12079.81,21.64,0.08
20201125,12152.22,21.25,0.08
20201127,12258.21,20.84,0.073
20201130,12268.32,20.57,0.075
20201201,12455.33,20.77,0.08
20201202,12456.41,21.17,0.075
20201203,12467.13,21.28,0.075
20201204,12528.48,20.79,0.075
20201207,12596.47,21.3,0.07
20201208,12635.72,20.68,0.068
20201209,12364.64,22.27,0.07
20201210,12401.74,22.52,0.07
20201211,12375.41,23.31,0.065
20201214,12462.21,24.72,0.06
20201215,12595.92,22.89,0.07
20201216,12668.16,22.5,0.075
20201217,12752.06,21.93,0.08
20201218,12738.18,21.57,0.08
20201221,12690.26,25.16,0.078
20201222,12717.56,24.23,0.078
20201223,12653.14,23.31,0.075
20201224,12711.01,21.53,0.075
20201228,12838.86,21.7,0.08
20201229,12843.49,23.08,0.09
20201230,12845.36,22.77,0.07
20201231,12888.28,22.75,0.065
20210104,12694.66,26.97,0.068
20210105,12802.38,25.34,0.078
20210106,12623.35,25.07,0.078
20210107,12939.57,22.37,0.08
20210108,13105.2,21.56,0.08
20210111,12902.49,24.08,0.08
20210112,12892.09,23.33,0.08
20210113,12973.63,22.21,0.08
20210114,12898.69,23.25,0.075
20210115,12803.93,24.34,0.075
20210119,12996.54,23.24,0.073
20210120,13296.45,21.58,0.075
20210121,13404.99,21.32,0.073
20210122,13366.4,21.91,0.07
20210125,13483.29,23.19,0.07
20210126,13490.19,23.02,0.068
20210127,13112.65,37.21,0.06
20210128,13201.53,30.21,0.055
20210129,12925.38,33.09,0.048
20210201,13248.9,30.24,0.048
20210202,13456.12,25.56,0.05
20210203,13402.37,22.91,0.04
20210204,13560.89,21.77,0.03
20210205,13603.96,20.87,0.023
20210208,13695.02,21.24,0.02
20210209,13687.08,21.63,0.033
20210210,13655.27,21.99,0.035
20210211,13734.35,21.25,0.035
20210212,13807.7,19.97,0.035
20210216,13773.77,21.46,0.035
20210217,13699.71,21.5,0.035
20210218,13637.51,22.49,0.023
20210219,13580.78,22.05,0.023
20210222,13223.74,23.45,0.025
20210223,13194.71,23.11,0.023
20210224,13302.19,21.34,0.028
20210225,12828.31,28.89,0.033
20210226,12909.44,27.95,0.035
20210301,13282.95,23.35,0.028
20210302,13059.95,24.1,0.035
20210303,12683.33,26.67,0.035
20210304,12464.0,28.57,0.028
20210305,12668.51,24.66,0.028
20210308,12299.08,25.47,0.035
20210309,12794.49,24.03,0.035
20210310,12752.07,22.56,0.03
20210311,13052.9,21.91,0.028
20210312,12937.29,20.69,0.025
20210315,13082.54,20.03,0.015
20210316,13152.28,19.79,0.008
20210317,13202.38,19.23,0.008
20210318,12789.14,21.58,0.003
20210319,12866.99,20.95,0.005
20210322,13086.51,18.88,0.005
20210323,13017.79,20.3,0.01
20210324,12798.88,21.2,0.015
20210325,12780.51,19.81,0.015
20210326,12979.12,18.86,0.015
20210329,12965.74,20.74,0.008
20210330,12896.53,19.61,0.013
20210331,13091.44,19.4,0.013
20210401,13329.52,17.33,0.008
20210405,13598.16,17.91,0.015
20210406,13578.46,18.12,0.015
20210407,13616.7,17.16,0.01
20210408,13758.51,16.95,0.005
20210409,13845.06,16.69,0.003
20210412,13819.35,16.91,0.01
20210413,13986.49,16.65,0.015
20210414,13803.91,16.99,0.015
20210415,14026.19,16.57,0.01
20210416,14041.91,16.25,0.008
20210419,13907.67,17.29,0.015
20210420,13809.3,18.68,0.015
20210421,13935.15,17.5,0.013
20210422,13762.36,18.71,0.015
20210423,13941.44,17.33,0.015
20210426,14026.16,17.64,0.008
20210427,13960.28,17.56,0.01
20210428,13901.62,17.28,0.008
20210429,13970.2,17.61,0.008
20210430,13860.76,18.61,0.003
20210503,13799.72,18.31,0.005
20210504,13544.67,19.48,0.01
20210505,13503.37,19.15,0.008
20210506,13613.73,18.39,0.008
20210507,13719.63,16.69,0.008
20210510,13359.08,19.66,0.005
20210511,13351.27,21.84,0.01
20210512,13001.63,27.59,0.01
20210513,13109.15,23.13,0.008
20210514,13393.12,18.81,0.005
20210517,13312.91,19.72,0.005
20210518,13217.68,21.34,0.01
20210519,13237.91,22.18,0.005
20210520,13494.09,20.67,0.003
20210521,13411.74,20.15,0.003
20210524,13641.75,18.4,0.003
20210525,13657.73,18.84,0.01
20210526,13702.74,17.36,0.005
20210527,13657.85,16.74,0.005
20210528,13686.51,16.76,0.008
20210601,13654.59,17.9,0.01
20210602,13675.79,17.48,0.015
20210603,13529.68,18.04,0.015
20210604,13770.77,16.42,0.015
20210607,13802.89,16.42,0.018
20210608,13810.86,17.07,0.02
20210609,13814.94,17.89,0.02
20210610,13960.35,16.1,0.02
20210611,13998.3,15.65,0.018
20210614,14128.2,16.39,0.015
20210615,14030.41,17.02,0.02
20210616,13983.01,18.15,0.028
20210617,14163.81,17.75,0.028
20210618,14049.58,20.7,0.028
20210621,14137.23,17.89,0.03
20210622,14270.42,16.66,0.038
20210623,14274.24,16.32,0.04
20210624,14365.96,15.97,0.043
20210625,14345.18,15.62,0.043
20210628,14524.98,15.76,0.04
20210629,14572.75,16.02,0.04
20210630,14554.8,15.83,0.04
20210701,14560.05,15.48,0.04
20210702,14727.63,15.07,0.038
20210706,14786.36,16.44,0.04
20210707,14810.54,16.2,0.043
20210708,14722.14,19.0,0.043
20210709,14826.09,16.18,0.043
20210712,14877.89,16.17,0.043
20210713,14874.54,17.12,0.045
20210714,14900.44,16.33,0.045
20210715,14794.69,17.01,0.038
20210716,14681.38,18.45,0.038
20210719,14549.09,22.5,0.04
20210720,14728.21,19.73,0.045
20210721,14842.63,17.91,0.045
20210722,14940.17,17.69,0.043
20210723,15111.79,17.2,0.045
20210726,15125.95,17.58,0.04
20210727,14956.97,19.36,0.045
20210728,15018.1,18.31,0.045
20210729,15048.36,17.7,0.04
20210730,14959.9,18.24,0.04
20210802,14963.62,19.46,0.038
20210803,15061.42,18.04,0.045
20210804,15083.39,17.97,0.045
20210805,15181.64,17.28,0.043
20210806,15109.36,16.15,0.043
20210809,15133.11,16.72,0.045
20210810,15053.58,16.79,0.05
20210811,15027.76,16.06,0.045
20210812,15088.98,15.59,0.043
20210813,15136.68,15.45,0.045
20210816,15140.77,16.12,0.058
20210817,15002.83,17.91,0.063
20210818,14857.92,21.57,0.055
20210819,14933.94,21.67,0.043
20210820,15092.57,18.56,0.043
20210823,15312.82,17.15,0.04
20210824,15357.68,17.22,0.048
20210825,15368.92,16.79,0.045
20210826,15278.52,18.84,0.043
20210827,15432.95,16.39,0.043
20210830,15605.09,16.19,0.038
20210831,15582.51,16.48,0.04
20210901,15611.57,16.11,0.04
20210902,15604.25,16.41,0.04
20210903,15652.86,16.41,0.04
20210907,15675.76,18.14,0.035
20210908,15620.85,17.96,0.04
20210909,15561.05,18.8,0.038
20210910,15440.75,20.95,0.038
20210913,15434.5,19.37,0.038
20210914,15382.9,19.46,0.035
20210915,15503.53,18.18,0.035
20210916,15515.91,18.69,0.03
20210917,15333.47,20.81,0.028
20210920,15012.19,25.71,0.025
20210921,15027.77,24.36,0.02
20210922,15176.51,20.87,0.025
20210923,15316.58,18.63,0.025
20210924,15329.68,17.75,0.025
20210927,15204.82,18.76,0.025
20210928,14770.3,23.25,0.03
20210929,14752.89,22.56,0.03
20210930,14689.62,23.14,0.028
20211001,14791.87,21.15,0.028
20211004,14472.12,22.96,0.028
20211005,14674.15,21.3,0.035
20211006,14766.75,21.0,0.04
20211007,14897.13,19.54,0.04
20211008,14820.75,18.77,0.04
20211011,14713.73,20.0,0.04
20211012,14662.11,19.85,0.04
20211013,14774.6,18.64,0.045
20211014,15052.42,16.86,0.04
20211015,15146.92,16.3,0.038
20211018,15300.89,16.31,0.043
20211019,15410.72,15.7,0.05
20211020,15388.71,15.49,0.05
20211021,15489.59,15.01,0.05
20211022,15355.07,15.43,0.05
20211025,15514.19,15.24,0.05
20211026,15559.49,15.98,0.05
20211027,15598.39,16.98,0.05
20211028,15778.16,16.53,0.048
20211029,15850.47,16.26,0.048
20211101,15905.28,16.41,0.04
20211102,15972.49,16.03,0.045
20211103,16144.5,15.1,0.045
20211104,16346.24,15.44,0.035
20211105,16359.38,16.48,0.04
20211108,16336.03,17.22,0.035
20211109,16219.94,17.78,0.04
20211110,15985.57,18.73,0.045
20211111,16032.47,17.66,0.04
20211112,16199.89,16.29,0.043
20211115,16189.12,16.49,0.038
20211116,16309.77,16.37,0.04
20211117,16308.07,17.11,0.045
20211118,16482.97,17.59,0.045
20211119,16573.34,17.91,0.045
20211122,16380.98,19.17,0.04
20211123,16306.72,19.38,0.045
20211124,16367.81,18.58,0.05
20211126,16025.58,28.62,0.043
20211129,16399.24,22.96,0.038
20211130,16135.92,27.19,0.048
20211201,15877.72,31.12,0.05
20211202,15990.76,27.95,0.043
20211203,15712.04,30.67,0.043
20211206,15846.16,27.18,0.043
20211207,16325.66,21.89,0.058
20211208,16394.34,19.9,0.06
20211209,16149.57,21.58,0.053
20211210,16331.98,18.69,0.05
20211213,16082.55,20.31,0.043
20211214,15914.9,21.89,0.048
20211215,16289.59,19.29,0.045
20211216,15863.94,20.57,0.035
20211217,15801.46,21.57,0.03
20211220,15627.64,22.87,0.038
20211221,15986.28,21.01,0.065
20211222,16180.14,18.63,0.065
20211223,16308.21,17.96,0.058
20211227,16567.5,17.68,0.043
20211228,16488.66,17.54,0.05
20211229,16491.01,16.95,0.045
20211230,16429.1,17.33,0.025
20211231,16320.08,17.22,0.033
20220103,16501.77,16.6,0.053
20220104,16279.73,16.91,0.08
20220105,15771.78,19.73,0.085
20220106,15765.36,19.61,0.09
20220107,15592.19,18.76,0.088
20220110,15614.43,19.4,0.09
20220111,15844.12,18.41,0.118
20220112,15905.1,17.62,0.115
20220113,15495.62,20.31,0.11
20220114,15611.59,19.19,0.118
20220118,15210.76,22.79,0.13
20220119,15047.84,23.85,0.165
20220120,14846.46,25.59,0.168
20220121,14438.4,28.85,0.158
20220124,14509.58,29.9,0.155
20220125,14149.12,31.16,0.185
20220126,14172.76,31.96,0.178
20220127,14003.11,30.49,0.185
20220128,14454.61,27.66,0.173
20220131,14930.05,24.83,0.173
20220201,15019.68,21.96,0.203
20220202,15139.74,22.09,0.185
20220203,14501.11,24.35,0.193
20220204,14694.35,23.22,0.223
20220207,14571.25,22.86,0.203
20220208,14747.03,21.44,0.275
20220209,15056.96,19.96,0.27
20220210,14705.64,23.91,0.37
20220211,14253.84,27.36,0.338
20220214,14268.59,28.33,0.36
20220215,14620.82,25.7,0.4
20220216,14603.64,24.29,0.373
20220217,14171.74,28.11,0.345
20220218,14009.54,27.75,0.318
20220222,13870.53,28.81,0.33
20220223,13509.43,31.02,0.34
20220224,13974.67,30.32,0.283
20220225,14189.16,27.59,0.298
20220228,14237.81,30.15,0.288
20220301,14005.99,33.32,0.313
20220302,14243.69,30.74,0.325
20220303,14035.21,30.48,0.335
20220304,13837.83,31.98,0.305
20220307,13319.38,36.45,0.305
20220308,13267.61,35.13,0.36
20220309,13742.2,32.45,0.37
20220310,13591.0,30.23,0.36
20220311,13301.83,30.75,0.365
20220314,13046.64,31.77,0.378
20220315,13458.56,29.83,0.448
20220316,13956.79,26.67,0.433
20220317,14118.6,25.67,0.36
20220318,14420.08,23.87,0.383
20220321,14376.09,23.53,0.455
20220322,14654.33,22.94,0.52
20220323,14447.55,23.57,0.48
20220324,14765.69,21.67,0.483
20220325,14754.31,20.81,0.52
20220328,14987.4,19.63,0.508
20220329,15239.32,18.9,0.555
20220330,15071.55,19.33,0.525
20220331,14838.49,20.56,0.493
20220401,14861.21,19.63,0.5
20220404,15159.58,18.57,0.538
20220405,14820.64,21.03,0.668
20220406,14498.89,22.1,0.663
20220407,14531.81,21.55,0.66
20220408,14327.26,21.16,0.668
20220411,13990.21,24.37,0.68
20220412,13940.24,24.26,0.738
20220413,14217.29,21.82,0.74
20220414,13893.21,22.7,0.748
20220418,13910.76,22.17,0.755
20220419,14210.26,21.37,0.833
20220420,13998.53,20.32,0.795
20220421,13720.45,22.68,0.8
20220422,13356.87,28.21,0.78
20220425,13533.22,27.02,0.798
20220426,13009.71,33.52,0.833
20220427,13003.36,31.6,0.808
20220428,13456.06,29.99,0.785
20220429,12854.8,33.4,0.808
20220502,13075.85,32.34,0.765
20220503,13089.9,29.25,0.895
20220504,13535.71,25.42,0.833
20220505,12850.55,31.2,0.803
20220506,12693.53,30.19,0.815
20220509,12187.72,34.75,0.8
20220510,12345.86,32.99,0.878
20220511,11967.56,32.56,0.883
20220512,11945.5,31.77,0.905
20220513,12387.4,28.87,0.943
20220516,12243.58,27.47,0.98
20220517,12564.1,26.1,1.038
20220518,11928.31,30.96,1.003
20220519,11875.63,29.35,1.0
20220520,11835.62,29.43,0.978
20220523,12034.28,28.48,0.993
20220524,11769.84,29.45,1.043
20220525,11943.93,28.37,1.045
20220526,12276.79,27.5,1.028
20220527,12681.42,25.72,1.025
20220531,12642.1,26.19,1.03
20220601,12548.36,25.69,1.103
20220602,12892.89,24.72,1.113
20220603,12548.03,24.79,1.135
20220606,12599.63,25.07,1.16
20220607,12711.68,24.02,1.225
20220608,12615.13,23.96,1.233
20220609,12269.78,26.09,1.238
20220610,11832.82,27.75,1.288
20220613,11288.32,34.02,1.498
20220614,11311.69,32.69,1.743
20220615,11593.77,29.62,1.695
20220616,11127.57,32.95,1.483
20220617,11265.99,31.13,1.51
20220621,11546.76,30.19,1.488
20220622,11527.71,28.95,1.545
20220623,11697.68,29.05,1.56
20220624,12105.85,27.23,1.598
20220627,12008.24,26.95,1.633
20220628,11637.77,28.36,1.738
20220629,11658.26,28.16,1.705
20220630,11503.72,28.71,1.6
20220701,11585.68,26.7,1.603
20220705,11779.9,27.54,1.63
20220706,11852.59,26.73,1.84
20220707,12109.05,26.08,1.853
20220708,12125.69,24.64,1.843
20220711,11860.28,26.17,1.953
20220712,11744.99,27.29,2.113
20220713,11728.53,26.82,2.323
20220714,11768.4,26.4,2.273
20220715,11983.62,24.23,2.24
20220718,11877.5,25.3,2.26
20220719,12249.42,24.5,2.45
20220720,12439.68,23.88,2.378
20220721,12619.41,23.11,2.36
20220722,12396.47,23.03,2.355
20220725,12328.41,23.36,2.393
20220726,12086.9,24.69,2.475
20220727,12601.47,23.24,2.383
20220728,12717.87,22.33,2.308
20220729,12947.97,21.33,2.298
20220801,12940.78,22.84,2.265
20220802,12901.6,23.93,2.463
20220803,13253.26,21.95,2.428
20220804,13311.04,21.44,2.378
20220805,13207.69,21.15,2.41
20220808,13159.16,21.29,2.46
20220809,13008.17,21.77,2.57
20220810,13378.32,19.74,2.535
20220811,13291.99,20.2,2.49
20220812,13565.87,19.53,2.5
20220815,13667.18,19.95,2.513
20220816,13635.21,19.69,2.598
20220817,13470.86,19.9,2.568
20220818,13505.99,19.56,2.565
20220819,13242.9,20.6,2.58
20220822,12890.54,23.8,2.648
20220823,12881.79,24.11,2.703
20220824,12917.86,22.82,2.713
20220825,13143.58,21.78,2.73
20220826,12605.17,25.56,2.755
20220829,12484.32,26.21,2.798
20220830,12342.7,26.21,2.873
20220831,12272.03,25.87,2.86
20220901,12274.62,25.56,2.863
20220902,12098.44,25.47,2.82
20220906,12011.31,26.91,2.845
20220907,12259.39,24.64,2.933
20220908,12321.19,23.61,2.95
20220909,12588.29,22.79,2.968
20220912,12739.72,23.87,2.995
20220913,12033.62,27.27,3.153
20220914,12134.4,26.16,3.128
20220915,11927.49,26.27,3.095
20220916,11861.38,26.3,3.07
20220919,11953.27,25.76,3.035
20220920,11851.54,27.16,3.243
20220921,11637.79,27.99,3.19
20220922,11501.65,27.35,3.13
20220923,11311.24,29.92,3.108
20220926,11254.11,32.26,3.165
20220927,11271.75,32.6,3.25
20220928,11493.83,30.18,3.23
20220929,11164.78,31.84,3.218
20220930,10971.22,31.62,3.18
20221003,11229.73,30.1,3.15
20221004,11582.54,29.07,3.315
20221005,11573.18,28.55,3.293
20221006,11485.5,30.52,3.288
20221007,11039.47,31.36,3.293
20221010,10926.97,32.45,3.285
20221011,10791.35,33.63,3.34
20221012,10785.62,33.57,3.533
20221013,11033.58,31.94,3.583
20221014,10692.06,32.02,3.628
20221017,11062.53,31.37,3.688
20221018,11147.74,30.5,3.833
20221019,11103.38,30.76,3.893
20221020,11046.71,29.98,3.89
20221021,11310.33,29.69,3.885
20221024,11430.26,29.85,3.913
20221025,11669.99,28.46,3.965
20221026,11405.9,27.28,3.93
20221027,11191.63,27.39,3.93
20221028,11546.21,25.75,3.97
20221031,11405.57,25.88,3.975
20221101,11288.95,25.81,4.05
20221102,10906.34,25.86,4.025
20221103,10690.6,25.3,4.025
20221104,10857.03,24.55,4.013
20221107,10977.0,24.35,3.983
20221108,11059.5,25.54,4.09
20221109,10797.55,26.09,4.093
20221110,11605.96,23.53,4.055
20221111,11817.01,22.52,4.063
20221114,11700.94,23.73,4.068
20221115,11871.15,24.54,4.13
20221116,11699.09,24.11,4.125
20221117,11676.86,23.93,4.113
20221118,11677.02,23.12,4.135
20221121,11553.45,22.36,4.098
20221122,11724.84,21.29,4.198
20221123,11838.72,20.35,4.2
20221125,11756.03,20.5,4.175
20221128,11587.75,22.21,4.183
20221129,11503.45,21.89,4.253
20221130,12030.06,20.58,4.253
20221201,12041.89,19.84,4.193
20221202,11994.26,19.06,4.208
20221205,11786.8,20.75,4.158
20221206,11549.69,22.17,4.22
20221207,11497.39,22.68,4.183
20221208,11637.5,22.29,4.15
20221209,11563.33,22.83,4.173
20221212,11706.44,25.0,4.168
20221213,11834.21,22.55,4.248
20221214,11740.92,21.14,4.22
20221215,11345.22,22.83,4.213
20221216,11243.72,22.62,4.163
20221219,11084.59,22.42,4.163
20221220,11072.42,21.48,4.23
20221221,11235.88,20.07,4.205
20221222,10956.14,21.97,4.208
20221223,10985.45,20.87,4.193
20221227,10822.51,21.65,4.195
20221228,10679.34,22.14,4.338
20221229,10951.05,21.44,4.295
20221230,10939.76,21.67,4.26
20230103,10862.64,22.9,4.255
20230104,10914.8,22.01,4.4
20230105,10741.22,22.46,4.498
20230106,11040.35,21.13,4.493
20230109,11108.45,21.97,4.483
20230110,11205.78,20.58,4.565
20230111,11402.52,21.09,4.555
20230112,11459.61,18.83,4.475
20230113,11541.48,18.35,4.488
20230117,11557.19,19.36,4.493
20230118,11410.29,20.34,4.53
20230119,11295.67,20.52,4.525
20230120,11619.03,19.85,4.538
20230123,11872.54,19.81,4.535
20230124,11846.64,19.2,4.573
20230125,11814.69,19.08,4.545
20230126,12051.48,18.73,4.543
20230127,12166.6,18.51,4.548
20230130,11912.39,19.94,4.535
20230131,12101.93,19.4,4.57
20230201,12363.1,17.87,4.52
20230202,12803.14,18.73,4.51
20230203,12573.36,18.33,4.523
20230206,12464.51,19.43,4.533
20230207,12728.27,18.66,4.57
20230208,12495.38,19.63,4.585
20230209,12381.17,20.71,4.613
20230210,12304.92,20.53,4.635
20230213,12502.31,20.34,4.645
20230214,12590.89,18.91,4.66
20230215,12687.89,18.23,4.643
20230216,12442.48,20.17,4.665
20230217,12358.18,20.02,4.68
20230221,12060.3,22.87,4.688
20230222,12066.27,22.29,4.695
20230223,12180.14,21.14,4.69
20230224,11969.65,21.67,4.703
20230227,12057.79,20.95,4.665
20230228,12042.12,20.7,4.71
20230301,11938.57,20.58,4.725
20230302,12044.87,19.59,4.723
20230303,12290.81,18.49,4.718
20230306,12302.48,18.61,4.728
20230307,12152.17,19.59,4.845
20230308,12215.33,19.11,4.883
20230309,11995.88,22.61,4.848
20230310,11830.28,24.8,4.803
20230313,11923.17,26.52,4.658
20230314,12199.79,23.73,4.68
20230315,12251.32,26.14,4.558
20230316,12581.39,22.99,4.53
20230317,12519.88,25.51,4.293
20230320,12562.61,24.15,4.465
20230321,12741.44,21.38,4.605
20230322,12567.15,22.26,4.563
20230323,12729.23,22.61,4.503
20230324,12767.05,21.74,4.503
20230327,12673.07,20.6,4.583
20230328,12610.57,19.97,4.628
20230329,12846.03,19.12,4.63
20230330,12963.14,19.02,4.665
20230331,13181.35,18.7,4.585
20230403,13148.35,18.55,4.57
20230404,13100.08,19.0,4.728
20230405,12967.2,19.08,4.705
20230406,13062.6,18.4,4.71
20230410,13051.23,18.97,4.838
20230411,12964.15,19.1,4.88
20230412,12848.35,19.09,4.86
20230413,13109.39,17.8,4.855
20230414,13079.52,17.07,4.903
20230417,13087.71,16.95,4.923
20230418,13091.79,16.83,5.03
20230419,13088.71,16.46,4.995
20230420,12985.98,17.17,4.945
20230421,13000.77,16.77,4.95
20230424,12969.76,16.89,4.873
20230425,12725.11,18.76,4.953
20230426,12806.48,18.84,4.985
20230427,13160.03,17.03,5.0
20230428,13245.99,15.78,4.923
20230501,13231.47,16.08,4.865
20230502,13113.66,17.78,5.04
20230503,13030.21,18.34,5.095
20230504,12982.48,20.09,5.055
20230505,13259.13,17.19,5.08
20230508,13291.64,16.98,5.083
20230509,13201.11,17.71,5.123
20230510,13347.83,16.94,5.065
20230511,13389.78,16.93,5.015
20230512,13340.18,17.03,5.028
20230515,13413.51,17.12,5.0
20230516,13426.01,17.99,5.058
20230517,13589.26,16.87,5.088
20230518,13834.62,16.05,5.125
20230519,13803.49,16.81,5.085
20230522,13849.74,17.21,5.095
20230523,13672.54,18.53,5.153
20230524,13604.48,20.03,5.185
20230525,13938.53,19.14,5.163
20230526,14298.41,17.95,5.115
20230530,14354.99,17.46,5.143
20230531,14254.09,17.94,5.248
20230601,14441.51,15.65,5.203
20230602,14546.64,14.6,5.215
20230605,14556.5,14.73,5.143
20230606,14558.09,13.96,5.158
20230607,14303.29,13.94,5.153
20230608,14484.54,13.65,5.1
20230609,14528.36,13.83,5.095
20230612,14784.3,15.01,5.095
20230613,14900.85,14.61,5.1
20230614,15005.69,13.88,5.08
20230615,15185.48,14.5,5.055
20230616,15083.92,13.54,5.065
20230620,15070.15,13.88,5.075
20230621,14867.45,13.2,5.135
20230622,15042.32,12.91,5.135
20230623,14891.48,13.44,5.138
20230626,14689.02,14.25,5.155
20230627,14945.91,13.74,5.18
20230628,14964.57,13.43,5.17
20230629,14939.95,13.54,5.175
20230630,15179.21,13.59,5.153
20230703,15208.69,13.57,5.145
20230705,15203.78,14.18,5.193
20230706,15089.45,15.44,5.213
20230707,15036.85,14.83,5.213
20230710,15045.64,15.07,5.225
20230711,15119.06,14.84,5.243
20230712,15307.23,13.54,5.23
20230713,15571.98,13.61,5.223
20230714,15565.6,13.34,5.215
20230717,15713.28,13.48,5.233
20230718,15841.35,13.3,5.248
20230719,15826.35,13.76,5.245
20230720,15466.09,13.99,5.243
20230721,15425.67,13.6,5.248
20230724,15448.02,13.91,5.25
20230725,15561.42,13.86,5.265
20230726,15499.26,13.19,5.268
20230727,15464.93,14.41,5.268
20230728,15750.93,13.33,5.255
20230731,15757.0,13.63,5.248
20230801,15718.01,13.93,5.26
20230802,15370.74,16.09,5.26
20230803,15353.54,15.92,5.258
20230804,15274.92,17.1,5.253
20230807,15407.85,15.77,5.26
20230808,15273.05,15.99,5.275
20230809,15101.71,15.96,5.28
20230810,15128.84,15.85,5.268
20230811,15028.07,14.84,5.265
20230814,15205.59,14.82,5.27
20230815,15037.65,16.46,5.28
20230816,14876.47,16.78,5.285
20230817,14715.81,17.89,5.278
20230818,14694.84,17.3,5.278
20230821,14936.69,17.13,5.28
20230822,14908.96,16.97,5.295
20230823,15148.06,15.98,5.295
20230824,14816.44,17.2,5.303
20230825,14941.83,15.68,5.315
20230828,15052.46,15.08,5.323
20230829,15376.55,14.45,5.32
20230830,15462.43,13.88,5.315
20230831,15501.07,13.57,5.298
20230901,15490.86,13.09,5.268
20230905,15508.24,14.01,5.278
20230906,15371.44,14.45,5.3
20230907,15258.52,14.4,5.283
20230908,15280.23,13.84,5.293
20230911,15461.87,13.8,5.293
20230912,15289.74,14.23,5.305
20230913,15348.53,13.48,5.305
20230914,15473.89,12.82,5.295
20230915,15202.4,13.79,5.298
20230918,15225.37,14.0,5.3
20230919,15191.23,14.11,5.31
20230920,14969.92,15.14,5.315
20230921,14694.24,17.54,5.305
20230922,14701.1,17.2,5.305
20230925,14768.9,16.9,5.313
20230926,14545.83,18.94,5.325
20230927,14580.16,18.22,5.33
20230928,14702.77,17.34,5.308
20230929,14715.24,17.52,5.3
20231002,14837.57,17.61,5.315
20231003,14565.62,19.78,5.34
20231004,14776.25,18.58,5.335
20231005,14723.22,18.49,5.325
20231006,14973.24,17.45,5.348
20231009,15047.15,17.7,5.348
20231010,15131.52,17.03,5.323
20231011,15241.12,16.09,5.335
20231012,15184.1,16.69,5.335
20231013,14995.12,19.32,5.328
20231016,15172.73,17.21,5.328
20231017,15122.01,17.88,5.34
20231018,14909.26,19.22,5.33
20231019,14783.13,21.4,5.31
20231020,14560.88,21.71,5.3
20231023,14604.85,20.37,5.293
20231024,14745.86,18.97,5.308
20231025,14381.64,20.19,5.315
20231026,14109.57,20.68,5.3
20231027,14180.42,21.27,5.305
20231030,14335.51,19.75,5.313
20231031,14409.78,18.14,5.32
20231101,14664.91,16.87,5.3
20231102,14919.55,15.66,5.27
20231103,15099.49,14.91,5.253
20231106,15154.93,14.89,5.26
20231107,15296.02,14.81,5.273
20231108,15313.24,14.45,5.268
20231109,15187.9,15.29,5.263
20231110,15529.12,14.17,5.25
20231113,15482.79,14.76,5.26
20231114,15812.47,14.16,5.253
20231115,15817.18,14.18,5.255
20231116,15833.17,14.32,5.243
20231117,15837.99,13.8,5.233
20231120,16027.06,13.41,5.238
20231121,15933.62,13.35,5.255
20231122,16001.39,12.85,5.265
20231124,15982.01,12.46,5.253
20231127,15961.98,12.69,5.258
20231128,16010.43,12.69,5.26
20231129,15987.6,12.98,5.24
20231130,15947.87,12.92,5.238
20231201,15997.58,12.63,5.215
20231204,15839.67,13.08,5.223
20231205,15877.71,12.85,5.243
20231206,15788.05,12.97,5.243
20231207,16022.49,13.06,5.233
20231208,16084.69,12.35,5.233
20231211,16221.73,12.63,5.233
20231212,16354.25,12.07,5.248
20231213,16562.37,12.19,5.223
20231214,16537.83,12.48,5.215
20231215,16623.45,12.28,5.225
20231218,16729.8,12.56,5.225
20231219,16811.85,12.53,5.238
20231220,16554.16,13.67,5.23
20231221,16757.41,13.65,5.21
20231222,16777.4,13.03,5.208
20231226,16878.46,12.99,5.203
20231227,16906.8,12.43,5.235
20231228,16898.47,12.47,5.218
20231229,16825.93,12.45,5.18
20240102,16543.94,13.2,5.213
20240103,16368.49,14.04,5.235
20240104,16282.01,14.13,5.228
20240105,16305.98,13.35,5.22
20240108,16649.87,13.08,5.22
20240109,16678.7,12.76,5.23
20240110,16793.05,12.69,5.225
20240111,16820.9,12.44,5.218
20240112,16832.92,12.7,5.198
20240116,16830.71,13.84,5.203
20240117,16736.28,14.79,5.215
20240118,16982.29,14.13,5.2
20240119,17314.0,13.3,5.198
20240122,17330.38,13.19,5.2
20240123,17404.21,12.55,5.21
20240124,17499.3,13.14,5.21
20240125,17516.99,13.45,5.195
20240126,17421.01,13.26,5.2
20240129,17596.27,13.6,5.2
20240130,17476.71,13.31,5.203
20240131,17137.24,14.35,5.188
20240201,17344.71,13.88,5.2
20240202,17642.73,13.85,5.21
20240205,17613.04,13.67,5.228
20240206,17572.73,13.06,5.223
20240207,17755.07,12.83,5.223
20240208,17783.17,12.79,5.218
20240209,17962.41,12.93,5.22
20240212,17882.66,13.93,5.228
20240213,17600.42,15.85,5.233
20240214,17807.63,14.38,5.218
20240215,17845.72,14.01,5.218
20240216,17685.98,14.24,5.223
20240220,17546.1,15.42,5.213
20240221,17478.91,15.34,5.235
20240222,18004.7,14.54,5.233
20240223,17937.61,13.75,5.24
20240226,17933.33,13.74,5.25
20240227,17971.05,13.43,5.245
20240228,17874.5,13.84,5.24
20240229,18043.85,13.4,5.223
20240301,18302.91,13.11,5.215
20240304,18226.48,13.49,5.223
20240305,17897.87,14.46,5.225
20240306,18017.57,14.5,5.23
20240307,18297.99,14.44,5.228
20240308,18018.45,14.74,5.228
20240311,17951.69,15.22,5.24
20240312,18219.11,13.84,5.24
20240313,18068.47,13.75,5.238
20240314,18014.81,14.4,5.238
20240315,17808.25,14.41,5.238
20240318,17985.01,14.33,5.238
20240319,18032.2,13.82,5.238
20240320,18240.11,13.04,5.228
20240321,18320.38,12.92,5.228
20240322,18339.44,13.06,5.22
20240325,18277.06,13.19,5.218
20240326,18210.54,13.24,5.218
20240327,18280.84,12.78,5.215
20240328,18254.69,13.01,5.203
20240401,18293.2,13.65,5.218
20240402,18121.78,14.61,5.213
20240403,18160.19,14.33,5.21
20240404,17878.78,16.35,5.203
20240405,18108.46,16.03,5.215
20240408,18100.19,15.19,5.223
20240409,18169.9,14.98,5.22
20240410,18011.66,15.8,5.243
20240411,18307.98,14.91,5.238
20240412,18003.49,17.31,5.23
20240415,17706.83,19.23,5.238
20240416,17713.66,18.4,5.233
20240417,17493.62,18.21,5.24
20240418,17394.31,18.0,5.243
20240419,17037.65,18.71,5.245
20240422,17210.89,16.94,5.245
20240423,17471.47,15.69,5.245
20240424,17526.8,15.97,5.255
20240425,17430.5,15.37,5.245
20240426,17718.3,15.03,5.238
20240429,17782.72,14.67,5.243
20240430,17440.69,15.65,5.245
20240501,17318.55,15.39,5.25
20240502,17541.54,14.68,5.238
20240503,17890.8,13.49,5.235
20240506,18093.57,13.49,5.24
20240507,18091.45,13.23,5.243
20240508,18085.01,13.0,5.245
20240509,18113.46,12.69,5.24
20240510,18161.18,12.55,5.243
20240513,18198.61,13.6,5.24
20240514,18322.77,13.42,5.235
20240515,18596.65,12.45,5.24
20240516,18557.96,12.42,5.243
20240517,18546.23,11.99,5.24
20240520,18674.19,12.15,5.24
20240521,18713.8,11.86,5.24
20240522,18705.2,12.29,5.245
20240523,18623.39,12.77,5.245
20240524,18808.35,11.93,5.245
20240528,18869.44,12.92,5.248
20240529,18736.75,14.28,5.25
20240530,18538.66,14.47,5.248
20240531,18536.65,12.92,5.245
20240603,18600.97,13.11,5.243
20240604,18654.84,13.16,5.24
20240605,19035.05,12.63,5.24
20240606,19021.19,12.58,5.233
20240607,19000.95,12.22,5.238
20240610,19074.67,12.74,5.233
20240611,19210.18,12.85,5.245
20240612,19465.18,12.04,5.243
20240613,19576.92,11.94,5.24
20240614,19659.8,12.66,5.24
20240617,19902.75,12.75,5.243
20240618,19908.86,12.3,5.235
20240620,19752.3,13.28,5.225
20240621,19700.43,13.2,5.215
20240624,19474.62,13.33,5.21
20240625,19701.13,12.84,5.223
20240626,19751.05,12.55,5.23
20240627,19789.03,12.24,5.223
20240628,19682.87,12.44,5.213
20240701,19812.22,12.22,5.218
20240702,20011.89,12.03,5.228
20240703,20186.63,12.09,5.23
20240705,20391.97,12.48,5.225
20240708,20439.54,12.37,5.218
20240709,20453.02,12.51,5.225
20240710,20675.38,12.85,5.225
20240711,20211.36,12.92,5.198
20240712,20331.49,12.46,5.198
20240715,20386.88,13.12,5.193
20240716,20398.62,13.19,5.193
20240717,19799.14,14.48,5.195
20240718,19705.09,15.93,5.193
20240719,19522.62,16.52,5.193
20240722,19822.87,14.91,5.19
20240723,19754.34,14.72,5.173
20240724,19032.39,18.04,5.17
20240725,18830.58,18.46,5.16
20240726,19023.66,16.39,5.155
20240729,19059.49,16.6,5.147
20240730,18796.27,17.69,5.135
20240731,19362.43,16.36,5.135
20240801,18890.39,18.59,5.115
20240802,18440.85,23.39,5.03
20240805,17895.16,38.57,5.06
20240806,18077.92,27.71,5.08
20240807,17867.37,27.85,5.08
20240808,18413.82,23.79,5.083
20240809,18513.1,20.37,5.075
20240812,18542.03,20.71,5.073
20240813,19006.43,18.12,5.053
20240814,19022.68,16.19,5.063
20240815,19490.15,15.23,5.08
20240816,19508.52,14.8,5.075
20240819,19766.49,14.65,5.063
20240820,19719.82,15.88,5.033
20240821,19824.84,16.27,5.005
20240822,19491.84,17.55,5.025
20240823,19720.87,15.86,5.0
20240826,19516.44,16.15,4.998
20240827,19581.52,15.43,4.968
20240828,19350.78,17.11,4.955
20240829,19325.45,15.65,4.965
20240830,19574.64,15.0,4.968
20240903,18958.74,20.72,4.97
20240904,18921.4,21.32,4.948
20240905,18930.33,19.9,4.932
20240906,18421.31,22.38,4.908
20240909,18660.78,19.45,4.895
20240910,18829.14,19.08,4.835
20240911,19237.3,17.69,4.875
20240912,19423.07,17.07,4.84
20240913,19514.59,16.56,4.763
20240916,19423.06,17.14,4.745
20240917,19432.4,17.61,4.735
20240918,19344.49,18.23,4.615
20240919,19839.83,16.33,4.593
20240920,19791.49,16.15,4.545
20240923,19852.2,15.89,4.503
20240924,19944.84,15.39,4.495
20240925,19972.61,15.41,4.487
20240926,20115.54,15.37,4.468
20240927,20008.62,16.96,4.482
20240930,20060.69,16.73,4.498
20241001,19773.3,19.26,4.482
20241002,19802.59,18.9,4.473
20241003,19793.34,20.49,4.465
20241004,20035.02,19.21,4.505
20241007,19800.74,22.64,4.525
20241008,20107.78,21.42,4.528
20241009,20268.86,20.86,4.535
20241010,20241.76,20.93,4.53
20241011,20271.97,20.46,4.515
20241014,20439.05,19.7,4.518
20241015,20159.83,20.64,4.515
20241016,20174.05,19.58,4.503
20241017,20190.42,19.11,4.515
20241018,20324.04,18.03,4.513
20241021,20361.47,18.37,4.518
20241022,20390.46,18.2,4.5
20241023,20066.96,19.24,4.505
20241024,20232.87,19.08,4.487
20241025,20352.02,20.33,4.51
20241028,20351.07,19.8,4.482
20241029,20550.65,19.34,4.48
20241030,20387.7,20.35,4.463
20241031,19890.42,23.16,4.432
20241101,20033.14,21.88,4.4
20241104,19963.6,21.98,4.418
20241105,20227.46,20.49,4.423
20241106,20781.33,16.27,4.43
20241107,21101.57,15.2,4.42
20241108,21117.18,14.94,4.423
20241111,21106.59,14.97,4.415
20241112,21070.79,14.71,4.423
20241113,21036.16,14.02,4.39
20241114,20896.67,14.31,4.383
20241115,20394.13,16.14,4.393
20241118,20539.19,15.58,4.403
20241119,20684.59,16.35,4.408
20241120,20667.1,17.16,4.41
20241121,20740.78,16.87,4.413
20241122,20776.23,15.24,4.415
20241125,20804.89,14.6,4.405
20241126,20922.9,14.1,4.395
20241127,20744.49,14.1,4.385
20241129,20930.37,13.51,4.373
20241202,21164.6,13.34,4.38
20241203,21229.32,13.3,4.357
20241204,21492.36,13.45,4.345
20241205,21425.22,13.54,4.33
20241206,21622.25,12.77,4.295
20241209,21440.82,14.19,4.293
20241210,21368.18,14.18,4.285
20241211,21763.98,13.58,4.255
20241212,21615.27,13.92,4.223
20241213,21780.25,13.81,4.218
20241216,22096.66,14.69,4.228
20241217,22001.08,15.87,4.24
20241218,21209.32,27.62,4.232
20241219,21110.51,24.09,4.22
20241220,21289.15,18.36,4.215
20241223,21503.17,16.78,4.215
20241224,21797.65,14.27,4.2
20241226,21768.31,14.73,4.215
20241227,21473.02,15.95,4.178
20241230,21197.09,17.4,4.182
20241231,21012.17,17.35,4.208
20250102,20975.62,17.93,4.208
20250103,21326.16,16.13,4.193
20250106,21559.5,16.04,4.19
20250107,21173.04,17.82,4.203
20250108,21180.97,17.7,4.205
20250110,20847.58,19.54,4.213
20250113,20784.72,19.19,4.218
20250114,20757.41,18.71,4.213
20250115,21237.85,16.12,4.205
20250116,21091.25,16.6,4.195
20250117,21441.16,15.97,4.193
20250121,21566.51,15.06,4.197
20250122,21853.0,15.1,4.215
20250123,21900.93,15.02,4.213
20250124,21774.01,14.85,4.205
20250127,21127.28,17.9,4.188
20250128,21463.04,16.41,4.19
20250129,21411.46,16.56,4.188
20250130,21508.12,15.84,4.182
20250131,21478.05,16.43,4.188
20250203,21297.58,18.62,4.19
20250204,21566.92,17.21,4.213
20250205,21658.16,15.77,4.21
20250206,21774.07,15.5,4.213
20250207,21491.31,16.54,4.228
20250210,21756.73,15.81,4.228
20250211,21693.52,16.02,4.225
20250212,21719.26,15.89,4.228
20250213,22030.71,15.1,4.213
20250214,22114.69,14.77,4.213
20250218,22164.61,15.35,4.213
20250219,22175.6,15.27,4.218
20250220,22068.06,15.66,4.205
20250221,21614.08,18.21,4.197
20250224,21352.08,18.98,4.19
20250225,21087.25,19.43,4.182
20250226,21132.92,19.1,4.193
20250227,20550.95,21.13,4.195
20250228,20884.41,19.63,4.193
20250303,20425.58,22.78,4.193
20250304,20352.53,23.51,4.195
20250305,20628.46,21.93,4.205
20250306,20052.63,24.87,4.197
20250307,20201.37,23.37,4.197
20250310,19430.95,27.86,4.185
20250311,19376.96,26.92,4.195
20250312,19596.02,24.23,4.197
20250313,19225.48,24.66,4.188
20250314,19704.64,21.77,4.188
20250317,19812.24,20.51,4.188
20250318,19483.36,21.7,4.195
20250319,19736.66,19.9,4.19
20250320,19677.61,19.8,4.182
20250321,19753.97,19.28,4.185
20250324,20180.45,17.48,4.182
20250325,20287.83,17.15,4.182
20250326,19916.99,18.33,4.19
20250327,19798.62,18.69,4.188
20250328,19281.4,21.65,4.188
20250331,19278.45,22.28,4.193
20250401,19436.42,21.77,4.2
20250402,19581.78,21.51,4.203
20250403,18521.47,30.02,4.185
20250404,17397.7,45.31,4.155
20250407,17430.68,46.98,4.15
20250408,17090.4,52.33,4.178
20250409,19145.06,33.62,4.228
20250410,18343.57,40.72,4.197
20250411,18690.05,37.56,4.213
20250414,18796.02,30.89,4.195
20250415,18830.23,30.12,4.2
20250416,18257.64,32.64,4.208
20250417,18258.09,29.65,4.205
20250421,17808.3,33.82,4.21
20250422,18276.41,30.57,4.213
20250423,18693.26,28.45,4.208
20250424,19214.4,26.47,4.197
20250425,19432.56,24.84,4.193
20250428,19427.29,25.15,4.193
20250429,19544.95,24.17,4.19
20250430,19571.02,24.7,4.19
20250501,19786.71,24.6,4.185
20250502,20102.61,22.68,4.208
20250505,19967.94,23.64,4.208
20250506,19791.35,24.76,4.21
20250507,19867.97,23.55,4.215
20250508,20063.56,22.48,4.215
20250509,20061.45,21.9,4.215
20250512,20868.15,18.39,4.28
20250513,21197.7,18.22,4.285
20250514,21319.21,18.62,4.285
20250515,21335.82,17.83,4.258
20250516,21427.94,17.24,4.237
20250519,21447.05,18.14,4.24
20250520,21367.37,18.09,4.248
20250521,21080.36,20.87,4.235
20250522,21112.47,20.28,4.232
20250523,20915.66,22.29,4.23
20250527,21414.99,18.96,4.203
20250528,21318.17,19.31,4.225
20250529,21363.95,19.18,4.23
20250530,21340.99,18.57,4.232
20250602,21491.75,18.36,4.232
20250603,21662.58,17.69,4.235
20250604,21721.92,17.61,4.24
20250605,21547.43,18.48,4.232
20250606,21761.79,16.77,4.232
20250609,21797.87,17.16,4.24
20250610,21941.92,16.95,4.25
20250611,21860.8,17.26,4.25
20250612,21913.32,18.02,4.258
20250613,21631.04,20.82,4.24
20250616,21937.57,19.11,4.248
20250617,21719.08,21.6,4.218
20250618,21719.69,20.14,4.223
20250620,21626.39,20.62,4.195
20250623,21856.33,19.83,4.158
20250624,22190.52,17.48,4.182
20250625,22237.74,16.76,4.188
20250626,22447.29,16.59,4.193
20250627,22534.2,16.32,4.197
20250630,22679.01,16.73,4.19
20250701,22478.13,16.83,4.225
20250702,22641.89,16.64,4.223
20250703,22866.97,16.38,4.24
20250707,22685.57,17.79,4.245
20250708,22702.25,16.81,4.25
20250709,22864.91,15.94,4.245
20250710,22829.26,15.78,4.24
20250711,22780.6,16.4,4.237
20250714,22855.63,17.2,4.228
20250715,22884.59,17.38,4.232
20250716,22907.97,17.16,4.225
20250717,23081.05,16.52,4.235
20250718,23065.47,16.41,4.23
20250721,23180.06,16.65,4.223
20250722,23063.58,16.5,4.23
20250723,23162.41,15.37,4.24
20250724,23219.87,15.39,4.245
20250725,23272.25,14.93,4.245
20250728,23356.27,15.03,4.235
20250729,23308.3,15.98,4.23
20250730,23345.41,15.48,4.232
20250731,23218.12,16.72,4.235
20250801,22763.31,20.38,4.182
20250804,23188.61,17.52,4.153
20250805,23018.56,17.85,4.15
20250806,23315.04,16.77,4.133
20250807,23389.53,16.57,4.138
20250808,23611.27,15.15,4.133
20250811,23526.63,16.25,4.143
20250812,23839.2,14.73,4.13
20250813,23849.04,14.49,4.11
20250814,23832.44,14.83,4.112
20250815,23712.07,15.09,4.112
20250818,23713.76,14.99,4.123
20250819,23384.77,15.57,4.11
20250820,23249.57,15.69,4.115
20250821,23142.58,16.6,4.128
20250822,23498.12,14.22,4.088
20250825,23425.61,14.79,4.093
20250826,23525.29,14.62,4.088
20250827,23565.85,14.85,4.06
20250828,23703.45,14.43,4.072
20250829,23415.42,15.36,4.043
20250902,23231.11,17.17,4.032
20250903,23414.84,16.35,4.018
20250904,23633.01,15.3,3.998
20250905,23652.44,15.18,3.91
20250908,23762.3,15.11,3.928
20250909,23839.8,15.04,3.943
20250910,23849.27,15.35,3.93
20250911,23992.56,14.71,3.928
20250912,24092.19,14.76,3.928
20250915,24293.78,15.69,3.9
20250916,24274.25,16.36,3.89
20250917,24223.69,15.72,3.868
20250918,24454.89,15.7,3.88
20250919,24626.25,15.45,3.878
20250922,24761.07,16.1,3.848
20250923,24580.17,16.64,3.845
20250924,24503.57,16.18,3.858
20250925,24397.31,16.74,3.883
20250926,24503.85,15.29,3.86
20250929,24611.35,16.12,3.863
20250930,24679.99,16.28,3.845
20251001,24800.86,16.29,3.845
20251002,24892.76,16.63,3.848
20251003,24785.52,16.65,3.858
20251006,24978.56,16.37,3.86
20251007,24840.23,17.24,3.843
20251008,25136.62,16.3,3.843
20251009,25098.18,16.43,3.853
20251010,24221.74,21.66,3.853
20251013,24750.25,19.03,3.853
20251014,24579.32,20.81,3.853
20251015,24745.36,20.64,3.858
20251016,24657.24,25.31,3.853
20251017,24817.95,20.78,3.832
20251020,25141.02,18.23,3.798
20251021,25127.13,17.87,3.785
20251022,24879.01,18.6,3.788
20251023,25097.41,17.3,3.788
20251024,25358.16,16.37,3.763
20251027,25821.55,15.79,3.718
20251028,26012.15,16.42,3.72
20251029,26119.85,16.92,3.73
20251030,25734.81,16.91,3.757
20251031,25858.13,17.44,3.718
20251103,25972.94,17.17,3.783
20251104,25435.7,19.0,3.793
20251105,25620.03,18.01,3.788
20251106,25130.04,19.5,3.763
20251107,25059.81,19.08,3.757
20251110,25611.74,17.6,3.783
20251111,25533.49,17.28,3.783
20251112,25517.33,17.51,3.778
20251113,24993.46,20.0,3.793
20251114,25008.24,19.83,3.788
20251117,24799.92,22.38,3.772
20251118,24503.1,24.69,3.772
20251119,24640.52,23.66,3.772
20251120,24054.38,26.42,3.775
20251121,24239.57,23.43,3.74
20251124,24873.85,20.52,3.73
20251125,25018.36,18.56,3.732
20251126,25236.94,17.19,3.753
20251128,25434.89,16.35,3.697
20251201,25342.85,17.24,3.693
20251202,25555.86,16.59,3.672
20251203,25606.54,16.08,3.635
20251204,25581.7,15.78,3.612
20251205,25692.05,15.41,3.603
20251208,25627.95,16.66,3.618
20251209,25668.69,16.93,3.632
20251210,25776.44,15.77,3.593
20251211,25686.69,14.85,3.568
20251212,25196.73,15.74,3.525
20251215,25067.27,16.5,3.538
20251216,25132.94,16.48,3.545
20251217,24647.61,17.62,3.543
20251218,25019.37,16.87,3.522
20251219,25346.18,14.91,3.522
20251222,25461.7,14.08,3.528
20251223,25587.83,14.0,3.547
20251224,25656.15,13.47,3.555
20251226,25644.39,13.6,3.543
20251229,25525.56,14.2,3.538
20251230,25462.56,14.33,3.54
20251231,25249.85,14.95,3.547
20260102,25206.17,14.51,3.533
20260105,25401.32,14.9,3.515
20260106,25639.71,14.75,3.52
20260107,25653.9,15.38,3.515
20260108,25507.1,15.45,3.507
20260109,25766.26,14.49,3.513
20260112,25787.66,15.12,3.533
20260113,25741.95,15.98,3.56
20260114,25465.94,16.75,3.56
20260115,25547.07,15.84,3.565
20260116,25529.26,15.86,3.557
20260120,24987.57,20.09,3.572
20260121,25326.58,16.9,3.588
20260122,25518.35,15.64,3.588
20260123,25605.47,16.09,3.582
20260126,25713.21,16.15,3.575
20260127,25939.74,16.35,3.57
20260128,26022.79,16.35,3.582
20260129,25884.3,16.88,3.58
20260130,25552.39,17.44,3.572
20260202,25738.61,16.34,3.578
20260203,25338.62,18.0,3.59
20260204,24891.24,18.64,3.595
20260205,24548.69,21.77,3.578
20260206,25075.77,17.76,3.59
20260209,25268.14,17.36,3.593
20260210,25127.64,17.79,3.59
20260211,25201.26,17.65,3.6
20260212,24687.61,20.82,3.598
20260213,24732.73,20.6,3.593
20260217,24701.6,20.29,3.593
20260218,24898.87,19.62,3.603
20260219,24797.34,20.23,3.595
20260220,25012.62,19.09,3.595
20260223,24708.94,21.01,3.588
20260224,24977.04,19.55,3.588
20260225,25329.04,17.93,3.588
20260226,25034.37,18.63,3.588
20260227,24960.04,19.86,3.578
20260302,24992.6,21.44,3.59
20260303,24720.08,23.57,3.595
20260304,25093.68,21.15,3.595
20260305,25020.41,23.75,3.588
20260306,24643.02,29.49,3.57
20260309,24967.25,25.5,3.593
20260310,24956.47,24.93,3.595
20260311,24965.01,24.23,3.6
20260312,24533.58,27.29,3.605
20260313,24380.73,27.19,3.603
20260316,24655.34,23.51,3.605
20260317,24780.42,22.37,3.605
20260318,24425.09,25.09,3.61
20260319,24355.28,24.06,3.612
20260320,23898.15,26.78,3.618
20260323,24188.59,26.15,3.612
20260324,24002.45,26.95,3.62
20260325,24162.98,25.33,3.62
20260326,23586.99,27.44,3.62
20260327,23132.77,31.05,3.607
20260330,22953.38,30.61,3.598
20260331,23740.19,25.25,3.6
20260401,24019.99,24.54,3.605
20260402,24045.53,23.87,3.607
20260406,24192.17,24.17,3.623
20260407,24202.37,25.78,3.615
20260408,24903.17,21.04,3.6
20260409,25082.09,19.49,3.588
20260410,25116.34,19.23,3.593
20260413,25383.72,19.12,3.603
20260414,25842.0,18.36,3.612
20260415,26204.58,18.17,3.612
20260416,26333.0,17.94,3.61
20260417,26672.43,17.48,3.6
20260420,26590.34,18.87,3.598
20260421,26479.47,19.5,3.598
20260422,26937.28,18.92,3.595
20260423,26782.63,19.31,3.595
20260424,27303.67,18.71,3.593
20260427,27305.68,18.02,3.59
20260428,27029.01,17.83,3.59
20260429,27186.98,18.81,3.59
20260430,27452.12,16.89,3.585
20260501,27710.36,16.99,3.575
20260504,27651.82,18.29,3.59
20260505,28015.06,17.38,3.6
20260506,28599.17,17.39,3.6
20260507,28563.95,17.08,3.598
20260508,29234.99,17.19,3.595
20260511,29320.66,18.38,3.6
20260512,29064.8,17.99,3.603
20260513,29366.94,17.87,3.6
20260514,29580.3,17.26,3.588
20260515,29125.2,18.43,3.588
20260518,28994.37,17.82,3.568
20260519,28818.84,18.06,3.575
20260520,29297.7,17.44,3.557
20260521,29357.27,16.76,3.582
20260522,29481.64,16.7,3.585
20260526,30001.32,17.01,3.582
20260527,29973.57,16.29,3.585
20260528,30223.89,15.74,3.59
20260529,30333.18,15.32,3.588
20260601,30513.86,16.05,3.62
20260602,30660.6,15.77,3.618
20260603,30571.24,16.06,3.623
20260604,30407.81,15.4,3.62
20260605,28957.6,21.51,3.625
20260608,29414.26,18.92,3.628
20260609,29084.5,19.87,3.635
20260610,28508.03,22.22,3.635
20260611,29446.18,19.44,3.623
20260612,29635.95,17.68,3.618
20260615,30543.92,16.2,3.618
20260616,29968.13,16.41,3.63
20260617,29670.95,18.44,3.647
20260618,30406.19,16.4,3.658
20260622,30347.08,17.28,3.68
20260623,29347.27,19.49,3.69
20260624,29220.06,18.63,3.69
20260625,29440.32,18.89,3.68
20260626,29118.24,18.41,3.663
20260629,29774.75,17.65,3.68
20260630,30276.35,16.45,3.732
20260701,29809.13,16.59,3.7
20260702,29329.21,16.15,3.668
20260706,29697.87,15.57,3.69
20260707,29173.02,16.13,3.725
20260708,29252.56,16.9,3.723
20260709,29727.1,15.84,3.682
20260710,29825.11,15.03,3.695
20260713,29264.1,17.16,3.728
20260714,29586.29,16.5,3.7
20260715,29502.6,15.67,3.688
20260716,29025.77,16.73,3.697
20260717,28592.66,18.77,3.707
20260720,28604.23,18.65,3.705
20260721,29155.18,17.05,3.73
20260722,28998.1,16.64,3.745
20260723,28454.81,18.7,3.8
20260724,28128.34,18.58,3.805
20260727,28039.21,18.67,3.797
20260728,27763.13,18.21,3.76
20260729,27192.31,20.66,3.658
20260730,28106.35,17.09,3.675
20260731,28274.2,15.99,3.682
20260803,28776.8,15.86,3.7
20260804,29733.16,16.5,3.73
20260805,29487.79,15.81,3.725
20260806,29373.33,15.15,3.732
20260807,29722.3,14.9,3.71
20260810,29621.8,15.46,3.718
20260811,29525.48,15.28,3.73
20260812,29742.6,14.55,3.707
20260813,30084.5,14.63,3.705
20260814,30046.14,14.25,3.697
20260817,29995.38,15.19,3.703
20260818,29490.96,15.84,3.705
20260819,29426.02,14.89,3.7
20260820,29213.16,16.01,3.703
20260821,29308.86,15.13,3.71
20260824,29023.18,15.85,3.703
20260825,29209.23,15.45,3.705
20260826,29224.52,15.21,3.69
20260827,29641.56,14.51,3.678
20260828,29433.43,14.43,3.73
20260831,29456.97,14.92,3.732
20260901,29077.22,16.34,3.772
20260902,29143.33,15.2,3.772
20260903,29482.32,14.32,3.74
20260904,29544.15,14.53,3.757
20260908,29507.7,15.72,
20260909,29421.6,16.46,
20260910,29103.5,17.84,
20260911,29368.4,15.84,
20260914,29127.2,17.1,
20260915,28937.8,17.2,
20260916,28945.1,17.71,
20260917,29447,15.44,
20260918,29644.2,14.81,
